"","kid","region","unemp","pop","media","foreign","asylumseekers_2010","foreign_change","attack_rate","asylumseekers_now","afd","protestant","catholic","male_female_ratio","pop_dens","east","npd","income_2014"
"1",1001,"      Flensburg, Kreisfreie Stadt",11,85942,0,9.681,0.117171216440023,1.95896601676941,51.1973191221987,1.36373,3.15357184410095,0.0634588748216629,0.496814906597137,0.990550100803375,1514.66333007812,0,0.680860261536799,1757.986
"2",1002,"      Kiel, Landeshauptstadt, Kreisfreie Stadt",11,246306,0,9.84,0.161569098970467,1.13113296031952,49.9378821465981,0.50134,2.76693749427795,0.0736612603068352,0.412902593612671,0.947529494762421,2075.90380859375,0,0.576955450469063,5897.202
"3",1003,"      Lübeck, Hansestadt, Kreisfreie Stadt",11.1,216253,0,8.45,0.0956086609079493,1.50719380378723,38.3809704374043,1.41218,3.33574342727661,0.0846056938171387,0.482632368803024,0.92105358839035,1009.53735351562,0,0.789081398566443,3998.154
"4",1004,"      Neumünster, Kreisfreie Stadt",11.5,79197,0,9.358,0.520629962254328,3.18463015556335,29.0415040973774,7.17637,4.33380746841431,0.0649717152118683,0.496524214744568,0.976022362709045,1105.64013671875,0,1.59947192038184,1534.276
"5",1051,"      Dithmarschen, Landkreis",8.3,132917,0,4.262,0.15801421386074,0.84651917219162,34.6080636788372,1.4086,3.35374546051025,0.0446228533983231,0.64569079875946,0.971916019916534,93.0706558227539,0,0.745427636492009,1636.166
"6",1053,"      Herzogtum Lauenburg, Landkreis",6.6,192999,0,6.198,0.158930616351124,1.35034847259521,36.2696179772952,0.86207,4.51385736465454,0.0602606646716595,0.493873476982117,0.963067710399628,152.812393188477,0,0.867109574410311,1920.712
"7",1054,"      Nordfriesland, Landkreis",6.6,163960,0,5.703,0.0513657239545564,1.45354402065277,35.984386435716,0.95621,2.99320769309998,0.0538783483207226,0.655289769172668,0.960282623767853,78.720573425293,0,0.505909499615422,2415.925
"8",1055,"      Ostholstein, Landkreis",6.9,199574,0,4.365,0.106136343627417,0.523060083389282,33.5715073105715,1.28204,3.76993155479431,0.0627025440335274,0.57777464389801,0.93456894159317,143.311386108398,0,0.562374770588136,2279.859
"9",1056,"      Pinneberg, Landkreis",5.8,307471,0,8.431,0.159482801229731,1.36960244178772,21.1402050925128,1.27168,3.81456017494202,0.0641794428229332,0.408704847097397,0.958214461803436,462.884460449219,0,0.74363065404543,3930.175
"10",1057,"      Plön, Landkreis",6.2,128304,0,3.685,0.119888897990185,0.756285488605499,16.3673774784886,1.18315,3.59351587295532,0.0510667636990547,0.562736928462982,0.945326387882233,118.450134277344,0,0.584434395979494,1055.162
"11",1058,"      Rendsburg-Eckernförde, Landkreis",5.9,270378,0,3.763,0.138261830097339,0.587055444717407,18.4926288381451,1.22698,3.39476108551025,0.0499699302017689,0.574476003646851,0.968160390853882,123.508209228516,0,0.555932203389831,3269.757
"12",1059,"      Schleswig-Flensburg, Landkreis",7.4,196839,1,3.961,0.15815828966716,0.316790372133255,21.3372349991618,1.20147,3.30066180229187,0.0451217964291573,0.635913789272308,0.981407821178436,95.0302429199219,0,0.536849376153046,2078.1
"13",1060,"      Segeberg, Landkreis",5.4,267503,0,6.123,0.13695987654321,1.45903384685516,22.8034825777655,0.92425,3.7580771446228,0.0565476752817631,0.448426127433777,0.970904588699341,198.974273681641,0,0.779448179436419,3651.142
"14",1061,"      Steinburg, Landkreis",7.2,131457,0,5.368,0.153502336395855,0.622971951961517,28.1460857923123,1.00293,3.63696599006653,0.0422907844185829,0.58806437253952,0.979475975036621,124.468116760254,0,0.846637959589268,1574.112
"15",1062,"      Stormarn, Landkreis",4.3,239614,0,5.844,0.106634864813106,1.44585573673248,32.5523550376856,1.09757,4.24776411056519,0.0673979446291924,0.424348086118698,0.954245924949646,312.693634033203,0,0.61142588999937,3462.832
"16",2000,"  Hamburg",8.5,1787408,0,14.672,0.379691992154264,1.11957657337189,22.0990395030122,1.30793,3.34912753105164,0.0981914773583412,0.297579079866409,0.95484858751297,2366.73828125,0,0.635138730328716,50457.262
"17",3101,"      Braunschweig, Kreisfreie Stadt",7.1,251364,0,9.71,0.24993269497362,0.203315690159798,15.1175188173326,4.30459,2.73676061630249,0.140081718564034,0.395453065633774,0.989221513271332,1307.96130371094,0,0.72952173454686,6298.075
"18",3102,"      Salzgitter, Kreisfreie Stadt",10.4,101079,0,12.713,0.261734085981601,2.60107970237732,20.7758288071706,1.12059,3.11925530433655,0.176530659198761,0.404833406209946,0.974932074546814,451.40673828125,0,1.53518207063793,2581.715
"19",3103,"      Wolfsburg, Kreisfreie Stadt",5.2,124045,0,13.169,0.342524968917506,1.4424604177475,18.5416582691765,0.96158,0,0.172331318259239,0.402120292186737,0.985863864421844,607.795593261719,0,1.10668229777257,8300.356
"20",3151,"      Gifhorn, Landkreis",5.2,174205,0,5.631,0.157550552295778,0.690747678279877,31.5719985075055,0.66709,0,0.086935967206955,0.543456315994263,1.00060868263245,111.465515136719,0,0.952177712741093,1656.898
"21",3152,"      Göttingen, Landkreis",6.7,255653,0,8.176,0.309771350022265,1.47138631343842,19.5577599324084,2.79394,0,0.219439029693604,0.451807588338852,0.973986744880676,228.794784545898,0,0.689995409166593,NA
"22",3153,"      Goslar, Landkreis",8.8,138236,0,7.418,0.242633588320025,1.8674943447113,23.8722185248416,1.23492,0.867574095726013,0.113703019917011,0.539686143398285,0.975053906440735,143.20671081543,0,0.962981808930161,1880.441
"23",3154,"      Helmstedt, Landkreis",7.8,91500,0,5.322,0.189581627816795,-0.279275447130203,33.879781420765,1.15391,0,0.109353460371494,0.53153920173645,0.982837080955505,135.750640869141,0,1.8213356461405,818.682
"24",3155,"      Northeim, Landkreis",7.4,134896,0,5.512,0.286207392492449,-1.5058342218399,28.1698493654371,1.09705,0.569231152534485,0.111084431409836,0.633977234363556,0.969227194786072,106.462104797363,0,1.06888961975359,1796.404
"25",3156,"      Osterode am Harz, Landkreis",7.1,73885,0,5.207,0.174581005586592,0.170014604926109,17.5949110103539,1.29958,0,0.0969850867986679,0.602057695388794,0.960178256034851,116.16773223877,0,1.24705242154907,NA
"26",3157,"      Peine, Landkreis",6,132320,0,6.446,0.258592496254212,0.243583098053932,17.3821039903265,1.13399,0,0.113398976624012,0.526572465896606,0.980037987232208,247.340972900391,0,0.980162449234614,1266.391
"27",3158,"      Wolfenbüttel, Landkreis",6.3,120981,0,5.263,0.249918059652573,-0.130313888192177,33.0630429571586,1.2488,3.11078834533691,0.110570155084133,0.526495754718781,0.978915512561798,167.433853149414,0,1.0040545723522,1029.353
"28",3241,"      Region Hannover, Landkreis",8.7,1144481,1,11.963,0.168531882380999,1.78272032737732,15.8150288209241,0.97851,2.12370586395264,0.128170818090439,0.412969052791595,0.957361459732056,499.585754394531,0,0.726286272227486,24853.149
"29",3251,"      Diepholz, Landkreis",4.9,213976,0,6.526,0.154993022972682,1.20753860473633,20.0957116685983,0.99719,2.52253556251526,0.105419419705868,0.5667684674263,0.99045592546463,107.626220703125,0,0.803251953362705,2675.764
"30",3252,"      Hameln-Pyrmont, Landkreis",8.2,148281,1,8.271,0.211571535191615,0.429873555898666,15.5110904296572,1.26579,3.88849782943726,0.113311015069485,0.55680525302887,0.933889806270599,186.247573852539,0,0.891014707110226,2287.896
"31",3254,"      Hildesheim, Landkreis",7.8,277055,0,6.834,0.269748564640665,1.2481187582016,23.4610456407572,0.96666,0,0.236664921045303,0.475069791078568,0.950432240962982,229.724792480469,0,0.909219188083216,3888.78
"32",3255,"      Holzminden, Landkreis",8.3,71659,0,5.938,0.170671764063353,-0.654026210308075,18.1414755997153,1.24724,3.01978063583374,0.11804535984993,0.613164186477661,0.980734169483185,103.45629119873,0,0.996216293883807,959.612
"33",3256,"      Nienburg (Weser), Landkreis",6.3,120632,0,6.029,0.176750732369933,0.805852115154266,16.5793487631806,1.0499,0.686988830566406,0.0691175609827042,0.652391612529755,0.987838864326477,86.2291564941406,0,0.97546468401487,1642.268
"34",3257,"      Schaumburg, Landkreis",7.3,156206,0,6.379,0.223486640603601,0.450067341327667,21.7661293420227,0.94002,0,0.104167722165585,0.578782975673676,0.953136503696442,231.221038818359,0,0.816411515237855,1767.536
"35",3351,"      Celle, Landkreis",8.1,177971,0,6.347,0.182604409392364,1.43404519557953,47.1987009119463,0.97527,4.38933944702148,0.0801290422677994,0.561605095863342,0.968096137046814,115.175933837891,0,1.06843143899376,2598.092
"36",3352,"      Cuxhaven, Landkreis",6.7,198103,0,5.56,0.204026658153085,-0.0594629682600498,29.2776989747757,1.33393,3.01885151863098,0.0668185949325562,0.611494302749634,0.960658729076385,96.2702560424805,0,0.900877421596733,1887.491
"37",3353,"      Harburg, Landkreis",4.8,248122,0,6.386,0.131649302461234,1.4768990278244,20.5544046880164,1.0881,5.74142503738403,0.0641746670007706,0.447855472564697,0.968706607818604,199.289978027344,0,0.786939313984169,2376.018
"38",3354,"      Lüchow-Dannenberg, Landkreis",9.5,50128,0,7.587,0.154430739845163,3.09022045135498,77.8008298755187,1.30931,3.183349609375,0.0524133741855621,0.607214689254761,0.994191825389862,41.0632820129395,0,0.737048996209462,522.509
"39",3355,"      Lüneburg, Landkreis",6.7,180719,0,5.83,0.137636155438602,0.462189763784409,27.1139171863501,1.21321,3.86628699302673,0.0719031915068626,0.503546357154846,0.958567678928375,136.527709960938,0,0.899695931642354,2359.012
"40",3356,"      Osterholz, Landkreis",4.6,113579,0,5.751,0.171618577711037,1.5275741815567,20.2502223122232,1.22977,3.34013342857361,0.0643692463636398,0.557746589183807,0.975939869880676,174.519439697266,0,0.965198063514295,982.394
"41",3357,"      Rotenburg (Wümme), Landkreis",4.8,163253,0,5.635,0.181252288538997,1.03473162651062,30.0147623627131,1.30992,1.60617864131927,0.0515221916139126,0.653159320354462,1.01487219333649,78.8490447998047,0,0.909177708702433,2253.064
"42",3358,"      Heidekreis, Landkreis",6.8,140264,0,7.907,0.242068323426198,2.90950679779053,39.9247133975931,1.1116,0,0.0709399878978729,0.616981089115143,1.00683903694153,74.8585739135742,0,1.13630579732275,2087.135
"43",3359,"      Stade, Landkreis",6.4,200054,0,6.975,0.211533388795325,1.82667315006256,33.990822477931,1.27122,4.10187578201294,0.0597544126212597,0.543223321437836,0.997344255447388,158.018035888672,0,0.929653309478079,2703.328
"44",3360,"      Uelzen, Landkreis",7,93131,0,4.829,0.123378004679855,-0.115692608058453,49.3927908000558,1.10015,3.95029163360596,0.0656331479549408,0.63582843542099,0.960652649402618,64.0418930053711,0,0.792948359012337,1123.395
"45",3361,"      Verden, Landkreis",5.8,134645,0,5.954,0.233939175814288,0.357455253601074,42.3335437632292,1.16428,2.97308111190796,0.0661904737353325,0.549947082996368,0.965476989746094,170.875793457031,0,0.886120032503966,1895.495
"46",3401,"      Delmenhorst, Kreisfreie Stadt",12,76323,0,11.582,0.129099931415661,3.24698567390442,7.86132620573091,1.09219,3.54567623138428,0.138403207063675,0.39486101269722,0.982415556907654,1223.90954589844,0,1.44472687658868,828.242
"47",3402,"      Emden, Kreisfreie Stadt",8.9,50694,0,7.861,0.195675759454433,1.26614558696747,15.7809602714325,1.18762,0,0.0792576372623444,0.618233680725098,0.992297112941742,451.1748046875,0,0.854304379759558,1687.726
"48",3403,"      Oldenburg (Oldenburg), Kreisfreie Stadt",8.7,163830,0,7.919,0.256516189501335,0.548476099967957,21.973997436367,1.10188,3.11834359169006,0.143113300204277,0.459358930587769,0.914550483226776,1590.73693847656,0,0.656322646915716,3841.425
"49",3404,"      Osnabrück, Kreisfreie Stadt",8.8,162403,0,11.338,0.0968809217701789,3.28652548789978,17.8568129899078,0.8445,0,0.346651583909988,0.333528518676758,0.930427432060242,1355.61767578125,0,0.447355996222852,4159.971
"50",3405,"      Wilhelmshaven, Kreisfreie Stadt",13.6,75995,0,6.05,0.292656534356402,-0.110542967915535,21.0540167116258,1.38481,0,0.11540199816227,0.447702407836914,0.961110651493073,710.83154296875,0,1.0838535985332,1516.134
"51",3451,"      Ammerland, Landkreis",4.7,121435,0,4.486,0.141520626419443,0.979339301586151,13.9992588627661,1.17415,3.75847029685974,0.0875059366226196,0.603924989700317,0.963442623615265,166.719299316406,0,0.63598254278167,1631.563
"52",3452,"      Aurich, Landkreis",7.8,189199,0,4.569,0.19000037047426,1.35804677009583,38.5837134445742,0.94895,0,0.0578830353915691,0.72343111038208,0.971089839935303,146.972366333008,0,0.973158452321799,2102.892
"53",3453,"      Cloppenburg, Landkreis",5.9,164734,0,8.494,0.170676511119259,2.87115716934204,21.8534121674943,1.12411,2.05492186546326,0.604448437690735,0.202922105789185,1.02226865291595,116.136627197266,0,0.608177572987502,2219.374
"54",3454,"      Emsland, Landkreis",3.6,319488,0,8.934,0.177923438618011,2.19686651229858,20.0320512820513,1.18699,1.35542869567871,0.684466481208801,0.172995507717133,1.03487765789032,110.853660583496,0,0.547373531859798,5303.475
"55",3455,"      Friesland, Landkreis",6.1,97900,0,3.567,0.215867788509809,0.446455329656601,37.7936670071502,1.55874,0,0.0834478586912155,0.582088768482208,0.952961385250092,161.043579101562,0,0.824213641682153,1178.479
"56",3456,"      Grafschaft Bentheim, Landkreis",4.4,135662,0,13.461,0.231030678208327,1.53996515274048,29.4850437115773,1.07572,2.01341342926025,0.252243340015411,0.491015404462814,0.998497366905212,138.307830810547,0,0.465390942451809,1892.354
"57",3457,"      Leer, Landkreis",6.8,167548,0,6.678,0.140250751343311,0.693967819213867,29.2453505861007,1.10247,0,0.107073098421097,0.670552790164948,0.991844713687897,154.278503417969,0,0.941153050729366,1830.187
"58",3458,"      Oldenburg, Landkreis",4.7,128608,0,7.01,0.114705928568061,1.75709700584412,12.4409056979348,1.27526,3.4083731174469,0.119321681559086,0.541870951652527,0.99021977186203,120.967681884766,0,0.868221221692091,1294.296
"59",3459,"      Osnabrück, Landkreis",4.1,358079,0,7.784,0.263953746317986,2.6172456741333,19.5487587934506,2.02467,0,0.415702551603317,0.369324892759323,0.993713974952698,168.775421142578,0,0.619842966455557,4559.872
"60",3460,"      Vechta, Landkreis",4.3,137866,0,9.767,0.135919748252988,1.59999632835388,7.97876198627653,0.88777,2.19821524620056,0.649822771549225,0.187613859772682,1.01762008666992,169.654083251953,0,0.537372443652462,2660.949
"61",3461,"      Wesermarsch, Landkreis",8.2,89239,0,6.586,0.236857180628388,0.392459899187088,24.652898396441,1.30682,2.90415644645691,0.0781157985329628,0.558539628982544,1.00132322311401,108.561943054199,0,0.855147612277327,1345.498
"62",3462,"      Wittmund, Landkreis",7.5,57173,0,4.57,0.129189944134078,0.874120056629181,41.977856680601,1.0453,0,0.0656415522098541,0.704252362251282,0.964572906494141,87.0690155029297,0,0.833360043591141,595.06
"63",4011,"      Bremen, Kreisfreie Stadt",11.1,557464,0,15.056,0.467899294771075,2.21462178230286,22.2435888236729,1.57548,3.21012163162231,0.109320499002934,0.391155809164047,0.967438995838165,1709.06860351562,0,1.02840847561636,13427.892
"64",4012,"      Bremerhaven, Kreisfreie Stadt",16.8,114025,0,15.891,0.365188857329358,5.26435661315918,53.4970401227801,2.23845,3.57183766365051,0.107899703085423,0.454843014478683,0.991737842559814,1217.43542480469,0,1.51006070787675,2358.871
"65",5111,"      Düsseldorf, Kreisfreie Stadt",9.4,612178,0,18.726,0.11227462270801,0.536321818828583,15.845064670733,1.25884,1.66414225101471,0.328829884529114,0.2051882147789,0.935544848442078,2815.77661132812,0,0.602551397501632,23206.456
"66",5112,"      Duisburg, Kreisfreie Stadt",14.6,491231,0,17.831,0.189558357623902,1.03077757358551,18.9320299411071,1.26168,1.91537427902222,0.309991657733917,0.259818464517593,0.96638697385788,2110.09887695312,0,2.7868494566646,8861.49
"67",5113,"      Essen, Kreisfreie Stadt",13.3,582624,0,13.732,0.382677699757237,1.67860949039459,41.1929477673422,1.01397,1.89675045013428,0.383687078952789,0.273116797208786,0.941698133945465,2769.91528320312,0,1.42809489366902,12470.121
"68",5114,"      Krefeld, Kreisfreie Stadt",12.2,225144,0,13.645,0.184621143800303,0.727475643157959,24.4288100060406,1.31775,1.17427396774292,0.430691987276077,0.202508926391602,0.946652591228485,1634.20190429688,0,0.961895828540077,4478.124
"69",5116,"      Mönchengladbach, Kreisfreie Stadt",11.9,259996,0,13.097,0.17791180380863,2.29438090324402,30.0004615455622,0.01713,3.38171529769897,0.518829226493835,0.18293571472168,0.962470948696136,1525.17163085938,0,1.063187816614,4320.541
"70",5117,"      Mülheim an der Ruhr, Kreisfreie Stadt",9,169278,0,13.451,0.259943589253275,3.10405039787292,28.9464667588228,1.50202,3.89870834350586,0.30721840262413,0.312815755605698,0.927622199058533,1854.49169921875,0,1.08054485914516,3088.797
"71",5119,"      Oberhausen, Kreisfreie Stadt",12.9,210934,0,13.078,0.206156519289018,0.00467102834954858,9.48163880645131,1.29723,0,0.402961701154709,0.270559817552567,0.959442615509033,2736.20434570312,0,2.16915871183323,3100.096
"72",5120,"      Remscheid, Kreisfreie Stadt",9.4,109499,0,15.66,0.173656648245797,1.77018177509308,13.6987552397739,0.78801,3.57870936393738,0.226559966802597,0.355231791734695,0.963262438774109,1469.39074707031,0,1.07305682197265,2178.311
"73",5122,"      Solingen, Kreisfreie Stadt",10,158726,0,15.091,0.161323603894277,2.44022798538208,11.9703136222169,1.25725,3.72749519348145,0.259949117898941,0.322661250829697,0.940937638282776,1772.6826171875,0,0.989900257198419,2383.078
"74",5124,"      Wuppertal, Kreisfreie Stadt",10.7,350046,0,16.654,0.39803157374021,1.31148409843445,16.8549276380819,1.67185,0.520981013774872,0.224784851074219,0.332185447216034,0.953120112419128,2078.78149414062,0,1.08803515735753,6098.07
"75",5154,"      Kleve, Kreis",7.2,310337,0,13.285,0.157566267173911,3.47430729866028,9.98914083721889,1.36017,3.319180727005,0.62896317243576,0.171388328075409,0.997676193714142,251.69465637207,0,0.807317682317682,3931.25
"76",5158,"      Mettmann, Kreis",7.4,483279,0,10.986,0.180953438822187,0.372353494167328,17.7951038633998,1.18093,3.13036131858826,0.331940770149231,0.296708941459656,0.934423685073853,1186.77624511719,0,0.863271617304771,9443.486
"77",5162,"      Rhein-Kreis Neuss",6.8,450026,0,11.344,0.133096917114459,1.3195458650589,15.1102380751334,0.86391,2.62189316749573,0.484299004077911,0.202392354607582,0.953441321849823,780.590454101562,0,0.847722430759866,7362.272
"78",5166,"      Viersen, Kreis",7.6,297661,0,8.789,0.14779456555388,1.53741312026978,20.8290639351477,1.20176,2.52236175537109,0.554965794086456,0.190468475222588,0.95583838224411,528.442321777344,0,0.939100224973914,3824.509
"79",5170,"      Wesel, Kreis",8.3,462664,1,8.583,0.130809890337353,1.14134669303894,13.8329327546556,1.46749,1.70709824562073,0.379532545804977,0.329393446445465,0.958216965198517,443.674713134766,0,1.23206316642126,5840.08
"80",5314,"      Bonn, Kreisfreie Stadt",8,318809,0,14.611,0.158818586699251,-0.512161314487457,14.4287018246034,0.95873,2.52945351600647,0.389766663312912,0.220054611563683,0.910694897174835,2260.09497070312,0,0.462367018973788,10120.646
"81",5315,"      Köln, Kreisfreie Stadt",10.3,1060582,0,18.345,0.294900602610019,2.1806743144989,19.989024893879,1.27546,1.4871062040329,0.383567899465561,0.166420921683311,0.951012313365936,2618.59155273438,0,0.640934312415527,30196.326
"82",5316,"      Leverkusen, Kreisfreie Stadt",9.7,163487,0,14.167,0.125021769959943,3.58368992805481,17.7384134518341,1.05051,0,0.390567600727081,0.225444063544273,0.948663234710693,2072.86669921875,0,1.11178564201455,3676.577
"83",5334,"      Städteregion Aachen (einschl. Stadt Aachen)",9.3,553922,0,13.044,0.253131440975475,0.20606455206871,26.3575015976979,1.20056,1.00202369689941,0.558915793895721,0.143513813614845,1.01674056053162,783.537719726562,0,0.804393878890837,10010.969
"84",5358,"      Düren, Kreis",8.4,262828,0,9.677,0.194238584747789,0.0289449226111174,30.0576803080342,0.95687,0,0.607520461082458,0.13430592417717,0.986516118049622,279.197326660156,0,1.0908127774951,3759.556
"85",5362,"      Rhein-Erft-Kreis",8.3,466657,0,11.554,0.151250727166958,1.30708611011505,15.0003107207221,0.89368,0,0.50885021686554,0.170504122972488,0.959039807319641,662.197204589844,0,0.977699615344463,6485.727
"86",5366,"      Euskirchen, Kreis",6.5,191165,0,6.944,0.148197023491585,1.62199854850769,33.4789318128318,1.58484,0,0.639533877372742,0.145679473876953,0.982915997505188,153.087539672852,0,0.985240413877054,2403.252
"87",5370,"      Heinsberg, Kreis",7.2,252527,0,10.761,0.134151316408824,0.638459503650665,15.8398903879585,1.38262,2.29419708251953,0.614621162414551,0.170179843902588,0.979501605033875,402.119445800781,0,1.07585250190366,2816.464
"88",5374,"      Oberbergischer Kreis",6.1,273452,0,8.708,0.091867255376727,1.10509419441223,28.8898965814841,1.38424,2.99101686477661,0.306145161390305,0.378153264522552,0.970370769500732,297.605682373047,0,0.892269681629584,4739.28
"89",5378,"      Rheinisch-Bergischer Kreis",7,282729,0,8.608,0.117359448518924,2.40492129325867,19.099561771166,1.07157,2.81004047393799,0.397781312465668,0.264793306589127,0.945949852466583,646.503723144531,0,0.685070355354162,3372.614
"90",5382,"      Rhein-Sieg-Kreis",6.1,596213,0,9.35,0.0629659816680474,1.2177015542984,17.7788810374816,1.21206,3.17002201080322,0.461810767650604,0.229998335242271,0.96343582868576,517.002990722656,0,0.765756450486578,6970.511
"91",5512,"      Bottrop, Kreisfreie Stadt",8.8,117143,0,9.673,0.244067448253419,0.593690514564514,27.3170398572685,1.28516,3.46134495735168,0.500089526176453,0.218930870294571,0.947870790958405,1164.32763671875,0,1.60879411209662,1454.106
"92",5513,"      Gelsenkirchen, Kreisfreie Stadt",16.3,260368,0,16.992,0.428713742484912,2.83940744400024,16.8991581146685,1.70424,3.76663136482239,0.336767584085464,0.30060750246048,0.986010789871216,2481.11303710938,0,2.19071724185108,4049.816
"93",5515,"      Münster, Kreisfreie Stadt",6.3,310039,0,9.473,0.217295740217224,2.64927053451538,8.06350168849725,1.48456,2.04192352294922,0.512501060962677,0.214820981025696,0.918653130531311,1022.28631591797,0,0.274046151609042,8169.391
"94",5554,"      Borken, Kreis",4.5,369666,0,8.483,0.104427905517094,1.38947749137878,26.239903047616,1.42884,2.05846953392029,0.705062448978424,0.130359724164009,1.00151598453522,260.148620605469,0,0.634012504812355,6164.545
"95",5558,"      Coesfeld, Kreis",3.4,218401,0,5.438,0.23614093837586,1.40722441673279,21.5200479851283,1.26854,2.05262446403503,0.671234607696533,0.167585670948029,0.977410197257996,196.396713256836,0,0.562755540803549,2724.556
"96",5562,"      Recklinghausen, Kreis",11.6,617807,0,9.619,0.222481262434063,0.885616838932037,16.5100104077811,1.26115,2.13517260551453,0.42169451713562,0.284837156534195,0.955617666244507,811.505187988281,0,1.3090816990673,7491.323
"97",5566,"      Steinfurt, Kreis",5.2,443374,0,7.806,0.223747454083278,2.12412285804749,22.1032356430463,1.72055,1.89640045166016,0.575120091438293,0.242978930473328,0.991868555545807,246.900482177734,0,0.633456505431612,6473.218
"98",5570,"      Warendorf, Kreis",6.5,277431,0,8.858,0.202412410792932,1.85122323036194,8.65079965829341,1.55626,2.20720219612122,0.590631008148193,0.188615500926971,0.979303121566772,210.268981933594,0,0.696338791181412,4160.975
"99",5711,"      Bielefeld, Kreisfreie Stadt",10.3,333090,0,13.074,0.149720048256875,1.13815653324127,20.114683719115,1.1735,2.46781373023987,0.162746652960777,0.412494271993637,0.937223017215729,1286.95617675781,0,0.704588014981273,7074.761
"100",5754,"      Gütersloh, Kreis",5.8,360642,0,11.313,0.162819490849884,2.68808960914612,15.8051474869816,1.46362,2.47194457054138,0.388371109962463,0.31354945898056,0.998902559280396,372.098937988281,0,0.761047115976156,7348.293
"101",5758,"      Herford, Kreis",6.7,252122,0,8.238,0.235724038229861,2.2095685005188,17.0552351639286,1.41803,0,0.109790831804276,0.576592326164246,0.966829717159271,559.761108398438,0,0.798318092269693,4077.35
"102",5762,"      Höxter, Kreis",5.6,144010,0,5.667,0.190294957183635,1.03195881843567,29.8590375668356,1.86384,2.58278155326843,0.627280712127686,0.194785758852959,1.00002777576447,119.866493225098,0,0.827212522576761,1798.264
"103",5766,"      Lippe, Kreis",8,350750,0,7.889,0.260851240752026,1.97143566608429,19.672131147541,1.45251,2.56889843940735,0.125315114855766,0.509829878807068,0.967631578445435,281.453369140625,0,0.779432413319531,5157.352
"104",5770,"      Minden-Lübbecke, Kreis",6.2,313050,0,7.035,0.236827278428027,2.07404160499573,13.0969493691104,1.65612,0,0.0832433700561523,0.600796341896057,0.974306583404541,271.648101806641,0,0.657252132980288,5523.32
"105",5774,"      Paderborn, Kreis",6.6,304332,0,8.391,0.193451983883449,1.58149027824402,23.0011960621952,1.68756,2.01940989494324,0.590790271759033,0.176774084568024,1.00504672527313,244.090469360352,0,0.776020526589838,5153.019
"106",5911,"      Bochum, Kreisfreie Stadt",10.9,364742,0,10.819,0.192401604325167,-0.521219491958618,13.1599870593461,1.29409,0,0.327892869710922,0.326498955488205,0.947211921215057,2504.06420898438,0,1.36162634812014,6533.262
"107",5913,"      Dortmund, Kreisfreie Stadt",13.8,586181,0,15.69,0.146095058265741,-0.082581102848053,19.4479179639053,0.96639,1.83006632328033,0.284552216529846,0.32249191403389,0.964841544628143,2088.20849609375,0,1.33621647553503,11188.692
"108",5914,"      Hagen, Kreisfreie Stadt",11.5,189044,0,15.916,0.178752340488731,3.08136987686157,19.5721630943061,0.92119,0,0.291145235300064,0.341537892818451,0.952187716960907,1178.21130371094,0,1.20503180710671,3502.358
"109",5915,"      Hamm, Kreisfreie Stadt",10.2,179397,0,13.487,0.171083104580736,-0.581422328948975,30.6582607289977,0.66938,0,0.37419405579567,0.322579920291901,0.966403961181641,792.284606933594,0,1.16193557876158,2540.856
"110",5916,"      Herne, Kreisfreie Stadt",14.7,155851,0,14.392,0.182080819606463,-0.766835391521454,21.8157085934643,0.78327,0,0.318207025527954,0.320295184850693,0.950307190418243,3030.94116210938,0,1.83316754298707,2138.987
"111",5954,"      Ennepe-Ruhr-Kreis",7.6,325954,1,9.319,0.214732715072005,1.35187363624573,20.5550476447597,1.62024,2.12515711784363,0.235847979784012,0.415235131978989,0.944345712661743,795.708435058594,0,0.936176101164499,4928.895
"112",5958,"      Hochsauerlandkreis",5.3,263762,0,7.981,0.247756921685644,1.30950021743774,31.4677626041659,1.85234,0,0.680348515510559,0.153022974729538,0.99822723865509,134.560775756836,0,0.845740639537209,4609.11
"113",5962,"      Märkischer Kreis",7.4,416171,1,11.874,0.33738238604063,0.231987401843071,25.7105853122875,1.54125,3.1355504989624,0.309516549110413,0.365115761756897,0.970655918121338,392.221923828125,0,1.15833860620644,7659.657
"114",5966,"      Olpe, Kreis",4.7,136365,0,8.92,0.193579493526961,0.66372674703598,22.7331060022733,1.16578,2.43687295913696,0.702969431877136,0.134558320045471,1.01303493976593,191.486221313477,0,0.90313067747966,2572.682
"115",5970,"      Siegen-Wittgenstein, Kreis",6.1,280800,0,9.801,0.286542073927855,1.30661904811859,35.968660968661,1.37545,3.06270003318787,0.210812255740166,0.531267821788788,0.989034831523895,247.861663818359,0,1.13560066108873,5654.245
"116",5974,"      Soest, Kreis",6.8,302995,0,8.933,0.213698395946963,1.96182954311371,32.6738064984571,1.3409,0,0.545694291591644,0.249404639005661,0.994254112243652,228.050704956055,0,0.795083841922165,4969.593
"117",5978,"      Unna, Kreis",9.8,396035,0,8.972,0.26517340689548,0.286842226982117,23.9877788579292,0.99547,0,0.334136247634888,0.376359641551971,0.954792022705078,729.064270019531,0,1.13674984348448,5523.216
"118",6411,"      Darmstadt, Kreisfreie Stadt",7.1,155353,0,17.893,0.0713286519577291,2.88074231147766,21.8856410883601,0.70978,3.66332483291626,0.193144202232361,0.330531924962997,1.03240537643433,1272.44653320312,0,0.585032589063686,5836.19
"119",6412,"      Frankfurt am Main, Kreisfreie Stadt",7.7,732688,0,28.021,0.155518020669036,7.11978912353516,28.934553316009,0.55753,1.79054605960846,0.232112884521484,0.208589285612106,0.979312360286713,2950.69873046875,0,0.652654905679383,33458.374
"120",6413,"      Offenbach am Main, Kreisfreie Stadt",12.1,123734,0,33.595,0.0871839581517001,7.82508325576782,17.7800766159665,0.07852,0,0.254224598407745,0.183669328689575,0.991694152355194,2756.38232421875,0,1.55571720205552,2668.291
"121",6414,"      Wiesbaden, Landeshauptstadt, Kreisfreie Stadt",8.3,276218,0,17.497,0.0764559237035105,-1.54016280174255,9.05082217668653,0.63064,3.99127101898193,0.229350373148918,0.282995373010635,0.913967192173004,1354.474609375,0,0.667011096288642,7770.071
"122",6431,"      Bergstraße, Landkreis",4.5,266928,0,11.55,0.164096706643823,2.10701537132263,24.3511358868309,1.04047,4.23979139328003,0.378245085477829,0.318058907985687,0.97578090429306,370.980651855469,0,1.0992051688238,3409.403
"123",6432,"      Darmstadt-Dieburg, Landkreis",5.2,292773,0,12.836,0.115145626368003,2.47635126113892,16.7365160038665,0.9008,2.52816462516785,0.236198738217354,0.398285925388336,0.98685485124588,444.504669189453,0,0.983386346643687,3527.143
"124",6433,"      Groß-Gerau, Landkreis",6.8,266042,0,19.798,0.0710118601576385,2.84617400169373,18.042264003428,0.88423,0,0.216912969946861,0.301605254411697,0.99451220035553,587.2373046875,0,1.15612544365303,4951.201
"125",6434,"      Hochtaunuskreis",4,233427,0,14.399,0.0901396064636693,2.68173003196716,21.4199728394744,0.84143,4.71726179122925,0.25998318195343,0.319877952337265,0.935065925121307,484.268280029297,0,0.549028822055138,5122.888
"126",6435,"      Main-Kinzig-Kreis",5.6,411956,0,13.16,0.102398129822166,3.11786198616028,24.5171814465623,1.06595,0,0.279185861349106,0.361563324928284,0.967654407024384,294.768035888672,0,1.58142823473957,5970.164
"127",6436,"      Main-Taunus-Kreis",4.4,232848,0,14.332,0.128848978443082,2.13708138465881,15.460729746444,0.93401,0,0.311958014965057,0.273236066102982,0.952505528926849,1047.02551269531,0,0.701017023578951,5305.605
"128",6437,"      Odenwaldkreis",6.2,97000,0,12.503,0.010305878473081,2.31048655509949,17.5257731958763,0.33825,0,0.176756754517555,0.497034549713135,0.985264003276825,155.453704833984,0,1.32230430682175,1206.601
"129",6438,"      Offenbach, Landkreis",5.5,347357,0,17.252,0.126604370217209,4.86991500854492,18.712736464214,0.83004,0,0.312646895647049,0.238199129700661,0.971457421779633,974.900390625,0,0.980913043229872,6217.027
"130",6439,"      Rheingau-Taunus-Kreis",4.9,184114,0,10.469,0.153447098976109,1.70613300800323,12.4922602300748,1.13004,4.16670656204224,0.325230538845062,0.321340978145599,0.967029929161072,226.886672973633,0,0.796926684651535,2007.626
"131",6440,"      Wetteraukreis",5.6,301931,0,10.893,0.174487861349261,3.11050581932068,19.540888481143,0.9621,0,0.20235975086689,0.46182319521904,0.977567195892334,274.310668945312,0,1.81708018275907,4087.043
"132",6531,"      Gießen, Landkreis",7.5,262505,0,10.139,0.177796493198114,2.61968994140625,28.1899392392526,6.40409,0,0.16081166267395,0.523997187614441,0.974152266979218,307.141937255859,0,1.23663532139637,4721.969
"133",6532,"      Lahn-Dill-Kreis",6.5,253167,0,9.255,0.175900107669797,1.41088044643402,20.1448056026259,1.19233,0,0.145970851182938,0.545203804969788,0.973965525627136,237.374481201172,0,1.61100894747415,4504.605
"134",6533,"      Limburg-Weilburg, Landkreis",5.9,171922,0,10.039,0.164017010907131,2.48660230636597,19.1947511080606,1.20903,4.70898532867432,0.43873319029808,0.314822852611542,0.987261891365051,232.805221557617,0,1.18304014832145,2472.916
"135",6534,"      Marburg-Biedenkopf, Landkreis",4.4,245241,0,9.975,0.122271785884977,0.58317244052887,25.689016110683,0.79968,0,0.182484477758408,0.541434168815613,0.970345318317413,194.242599487305,0,0.808387212784089,4496.94
"136",6535,"      Vogelsbergkreis",4.5,107256,0,6.227,0.10324254689313,2.72406268119812,46.6174386514507,1.04857,0,0.151130318641663,0.681648552417755,1.00295054912567,73.5138702392578,0,1.61025890755621,1469.086
"137",6611,"      Kassel, Kreisfreie Stadt",10.4,197984,0,15.143,0.101263233263438,3.70588040351868,20.2036528204299,0.90014,0,0.14964485168457,0.421319425106049,0.953950166702271,1854.13000488281,0,0.694451729310689,5737.681
"138",6631,"      Fulda, Landkreis",3.6,220132,0,7.129,0.101723780810568,2.3622510433197,20.8965529773045,0.98424,0,0.622336149215698,0.200190588831902,0.980690836906433,159.460479736328,0,1.43896777604309,4333.984
"139",6632,"      Hersfeld-Rotenburg, Landkreis",5.5,121166,0,7.604,0.11208102558229,2.6814341545105,14.8556525758051,0.69685,0,0.100651234388351,0.669875860214233,0.994206607341766,110.441070556641,0,2.04754646186316,2344.495
"140",6633,"      Kassel, Landkreis",5.4,235813,0,5.838,0.136716936865469,2.09642887115479,18.6588525653802,1.00407,0,0.133255019783974,0.600379705429077,0.967715561389923,182.387924194336,0,0.902713150547641,3682.69
"141",6634,"      Schwalm-Eder-Kreis",5.6,180310,0,5.579,0.144560896277557,1.91952848434448,25.511618878598,1.40974,0,0.117546781897545,0.684225022792816,1.00164294242859,117.197807312012,0,1.12983114091163,2734.236
"142",6635,"      Waldeck-Frankenberg, Landkreis",5.3,157592,0,6.859,0.0901952789567001,2.16946339607239,23.4783491547794,1.25336,0,0.147631928324699,0.640078008174896,0.996427536010742,85.2562942504883,0,0.908695054315442,2851.178
"143",6636,"      Werra-Meißner-Kreis",7.3,100715,0,5.381,0.126265060240964,2.01714468002319,36.737328104056,0.75345,0,0.118806548416615,0.673916041851044,0.969667315483093,98.2873001098633,0,1.04362558238035,1290.158
"144",7111,"      Koblenz, Kreisfreie Stadt",7.4,112586,0,10.49,0.225527876185196,1.63709092140198,39.9694455793793,1.04726,0,0.519731044769287,0.188379317522049,0.934633553028107,1070.6162109375,0,0.529993586064882,4001.708
"145",7131,"      Ahrweiler, Landkreis",4.7,127770,0,7.855,0.14123961300346,1.06137466430664,30.5235970885184,0.83621,0,0.635208904743195,0.13874788582325,0.958551108837128,162.352767944336,0,0.754459080980395,1427.498
"146",7132,"      Altenkirchen (Westerwald), Landkreis",5.8,129171,0,6.529,0.114435552322057,1.32256150245667,23.2250272894071,0.96235,0,0.421490401029587,0.340438067913055,0.982762038707733,201.197799682617,0,1.05574146935689,1547.672
"147",7133,"      Bad Kreuznach, Landkreis",7.6,156821,0,8.507,0.115079977369747,0.391611129045486,32.5211546922925,0.70602,0,0.322032928466797,0.437637776136398,0.951432287693024,181.568832397461,0,1.03915103102359,2221.858
"148",7134,"      Birkenfeld, Landkreis",7.4,80615,0,5.87,0.148961474238074,1.18612253665924,47.1376294734231,0.99639,0,0.225023552775383,0.55726158618927,0.979885578155518,103.809059143066,0,1.23408737063834,1102.85
"149",7135,"      Cochem-Zell, Landkreis",4.2,62391,0,6.411,0.186093456764813,2.6654748916626,30.4531102242311,1.05898,0,0.738346755504608,0.103820025920868,1.00633502006531,90.1148300170898,0,0.796737934919655,816.213
"150",7137,"      Mayen-Koblenz, Landkreis",5,211925,0,6.273,0.163599960051173,1.53145480155945,26.8963076560104,0.96844,0,0.635856151580811,0.145834416151047,0.972331047058105,259.308441162109,0,0.763641256812218,2947.451
"151",7138,"      Neuwied, Landkreis",6.5,180655,0,7.982,0.171275449598055,1.34258997440338,24.3558163350032,0.97314,0,0.444402635097504,0.262771636247635,0.965564131736755,288.18115234375,0,0.858257216479341,2568.617
"152",7140,"      Rhein-Hunsrück-Kreis",4.8,102529,0,5.956,0.0871310392089676,1.61902821063995,21.4573437759073,0.69743,0,0.464548528194427,0.353762120008469,0.987612426280975,103.446571350098,0,0.906541895309033,1603.502
"153",7141,"      Rhein-Lahn-Kreis",4.7,123543,0,7.902,0.139157450182442,2.96029233932495,31.567956096258,1.05443,0,0.299594968557358,0.46607631444931,0.987276196479797,157.918746948242,0,0.925845682757027,1393.77
"154",7143,"      Westerwaldkreis",4.5,200302,0,7.616,0.121361667841676,1.19994628429413,21.4675839482382,0.87681,0,0.487458646297455,0.28353276848793,0.98915559053421,202.533920288086,0,1.14288766055168,2869.936
"155",7211,"      Trier, Kreisfreie Stadt",5.8,114914,0,15.828,0.390461713851416,7.47154903411865,20.885183702595,10.85257,0,0.641916871070862,0.128578320145607,1.00184655189514,981.080871582031,0,0.671405296044975,2551.708
"156",7231,"      Bernkastel-Wittlich, Landkreis",4.1,111828,0,7.82,0.12604323282886,2.21647810935974,26.8269127588797,0.96323,0,0.686161756515503,0.153803005814552,0.994613409042358,95.7767715454102,0,0.791493444195715,1642.533
"157",7232,"      Eifelkreis Bitburg-Prüm",3.5,97180,0,10.159,0.120202535954387,3.42553043365479,29.841531179255,0.89723,0,0.813072323799133,0.0667501986026764,1.00573778152466,59.7556419372559,0,0.730686922824809,1199.891
"158",7233,"      Vulkaneifel, Landkreis",4.8,60794,0,6.084,0.128943803352539,1.93657958507538,27.9632858505774,0.99383,0,0.738147139549255,0.108092404901981,0.999342262744904,66.7303314208984,0,0.76453488372093,887.727
"159",7235,"      Trier-Saarburg, Landkreis",3.7,147999,0,9.354,0.108015757592872,2.69302845001221,17.5676862681505,0.90754,0,0.781583070755005,0.0814326256513596,0.979893267154694,134.361328125,0,0.808022160128703,1189.72
"160",7311,"      Frankenthal (Pfalz), Kreisfreie Stadt",8,48363,0,15.045,0.0876199431538905,2.2524881362915,22.7446601741,1.15875,0,0.304729074239731,0.316341698169708,0.943772375583649,1105.18737792969,0,1.3336820083682,946.548
"161",7312,"      Kaiserslautern, Kreisfreie Stadt",10.7,98520,0,12.861,0.0191563155347637,2.17480087280273,30.4506699147381,1.02586,0,0.288146138191223,0.404702097177505,1.01011991500854,705.023620605469,0,1.62500264142172,2424.154
"162",7313,"      Landau in der Pfalz, Kreisfreie Stadt",5.4,45362,0,8.842,0.121517826435859,1.81001567840576,33.0673250738504,1.30889,0,0.38324761390686,0.353520452976227,0.900615930557251,546.793640136719,0,0.784443251723711,945.957
"163",7314,"      Ludwigshafen am Rhein, Kreisfreie Stadt",9.8,164718,0,22.763,0.184969972802113,0.839799404144287,20.0342403380323,1.04558,0,0.285422384738922,0.264855563640594,0.981498420238495,2124.02319335938,0,1.66802633879145,6299.881
"164",7315,"      Mainz, Kreisfreie Stadt",7.1,209779,0,16.513,0.0918504093115235,-0.103893771767616,12.3939955858308,0.97975,0,0.370053499937057,0.236228689551353,0.939542710781097,2146.29638671875,0,0.394258266929505,6204.567
"165",7316,"      Neustadt an der Weinstraße, Kreisfreie Stadt",6.1,52999,0,8.823,0.145681581685744,3.03736019134521,22.641936640314,1.04825,0,0.334521889686584,0.392933815717697,0.942422568798065,452.596069335938,0,1.05617532510397,798.674
"166",7317,"      Pirmasens, Kreisfreie Stadt",14.4,40125,0,7.806,0.26743264659271,-2.11129355430603,57.3208722741433,1.26604,0,0.30594077706337,0.475358903408051,0.941031336784363,653.821105957031,0,1.67349385553002,839.837
"167",7318,"      Speyer, Kreisfreie Stadt",6.9,50284,0,12.865,0.0260745732795796,2.02399468421936,19.887041603691,1.00291,0,0.354622513055801,0.298526436090469,0.931103348731995,1180.37561035156,0,0.795397505695201,1373.517
"168",7319,"      Worms, Kreisfreie Stadt",8.8,82102,0,14.857,0.0648429088773613,2.02055144309998,18.2699568829018,0.96038,4.82927942276001,0.27853599190712,0.373262465000153,0.965149939060211,755.099792480469,0,1.69581614315726,1404.659
"169",7320,"      Zweibrücken, Kreisfreie Stadt",8.3,34260,0,7.831,0.106057035116663,2.92880845069885,32.1074138937536,1.01732,0,0.272982448339462,0.491900593042374,0.972706854343414,484.994323730469,0,1.71581457569941,778.648
"170",7331,"      Alzey-Worms, Landkreis",4.8,127274,0,7.668,0.10019236934915,1.75184082984924,19.64266071625,1.08732,4.3813853263855,0.247953832149506,0.466214269399643,0.991924226284027,216.404541015625,0,1.58886944742338,1297.28
"171",7332,"      Bad Dürkheim, Landkreis",4.5,132203,0,7.377,0.153664213563127,1.18975555896759,33.2821494217227,1.05223,0,0.291116446256638,0.425250798463821,0.960741579532623,222.272094726562,0,1.19087382133039,1265.201
"172",7333,"      Donnersbergkreis",5.9,75230,0,6.753,0.121247265347004,1.36276841163635,23.9266250166157,1.16993,0,0.217119112610817,0.536287367343903,0.979268074035645,116.548927307129,0,2.34813680449209,955.486
"173",7334,"      Germersheim, Landkreis",4.9,127303,0,10.75,0.10493599705218,1.9874439239502,39.27637212006,0.91078,0,0.451486110687256,0.276540786027908,0.991411924362183,274.744781494141,0,1.39305263471893,2274.288
"174",7335,"      Kaiserslautern, Landkreis",5.9,104966,0,7.018,0.183063322836438,0.803332209587097,30.4860621534592,1.06532,0,0.358633399009705,0.414406895637512,0.966907739639282,164.040130615234,0,1.69462600474427,876.196
"175",7336,"      Kusel, Landkreis",5.2,70997,0,4.927,0.18594529076334,1.47943663597107,42.2553065622491,0.93393,0,0.226473942399025,0.595059156417847,0.984098613262177,123.830535888672,0,2.02063938803493,521.862
"176",7337,"      Südliche Weinstraße, Landkreis",4.5,110526,1,6.215,0.119263866718042,1.69489943981171,36.1905795921322,0.93498,0,0.451581597328186,0.34596836566925,0.977598428726196,172.74006652832,0,1.09793111992071,1247.522
"177",7338,"      Rhein-Pfalz-Kreis",3.8,151546,1,8.919,0.161643374305439,1.32310855388641,27.0544917054888,1.06364,0,0.369244903326035,0.325832366943359,0.968206524848938,496.969909667969,0,1.17304343943926,1196.344
"178",7339,"      Mainz-Bingen, Landkreis",4.2,208749,0,9.178,0.0207602194651772,2.40225982666016,18.2036800176288,0.74763,1.07257807254791,0.387164115905762,0.318519771099091,0.977014422416687,344.6181640625,0,0.785295061860507,2732.901
"179",7340,"      Südwestpfalz, Landkreis",4.9,96474,0,3.722,0.106181803472651,0.521376967430115,38.3523021746792,1.08184,0,0.498699516057968,0.35948833823204,0.978426277637482,101.160781860352,0,1.77789704969725,593.324
"180",8111,"      Stuttgart, Landeshauptstadt, Stadtkreis",6.1,623738,0,23.84,0.0999030643533997,1.3201025724411,16.9943149206879,0.76301,3.03928089141846,0.247444063425064,0.285814732313156,0.99120819568634,3008.14086914062,0,0.45863337796662,26166.884
"181",8115,"      Böblingen, Landkreis",3.7,381281,0,16.549,0.0403881571153163,2.1409285068512,14.1627828294617,0.96158,0.189189329743385,0.235919773578644,0.384357750415802,0.984618842601776,617.139282226562,0,0.909427512084278,10674.022
"182",8116,"      Esslingen, Landkreis",3.8,524127,0,15.593,0.095759765359439,2.13729619979858,13.5463351439632,0.94799,3.06469058990479,0.229572162032127,0.400841534137726,0.988870322704315,817.058959960938,0,0.720576748052544,10915.241
"183",8117,"      Göppingen, Landkreis",4.2,252749,0,14.369,0.0993870472147869,1.43720102310181,15.4303281120796,0.6493,5.25617265701294,0.342810243368149,0.350853651762009,0.987911224365234,393.469390869141,0,1.21965172421684,4310.588
"184",8118,"      Ludwigsburg, Landkreis",3.9,534074,0,16.315,0.105408457773874,1.75299501419067,14.4174777278055,0.8568,0,0.224446967244148,0.399546146392822,0.982486724853516,777.592712402344,0,0.869333965837583,10452.101
"185",8119,"      Rems-Murr-Kreis, Landkreis",4.1,419456,1,14.321,0.119629893512545,1.68644607067108,25.509231003967,1.00334,2.91584277153015,0.219529882073402,0.429051756858826,0.975667774677277,488.796691894531,0,1.13396376158513,6915.321
"186",8121,"      Heilbronn, Stadtkreis",6.6,122567,0,22.547,0.108236557914697,2.58915615081787,20.3970073510814,0.96378,0,0.23102904856205,0.358352214097977,0.999494254589081,1227.142578125,0,1.22536062230949,3420.034
"187",8125,"      Heilbronn, Landkreis",3.8,334388,0,12.539,0.069739679136568,2.3250298500061,18.5413352153785,1.06636,0,0.25793731212616,0.443727135658264,1.00352311134338,304.008422851562,0,1.63033646888567,6936.768
"188",8126,"      Hohenlohekreis, Landkreis",3.3,110181,0,9.02,0.0716167950566048,2.2072229385376,21.782339967871,1.17538,0,0.292275279760361,0.472450345754623,1.01752364635468,141.846908569336,0,1.53911709561957,2678.984
"189",8127,"      Schwäbisch Hall, Landkreis",3.9,191614,0,9.02,0.122598450270672,2.09769868850708,19.8315363178056,1.1319,0,0.205103158950806,0.561321139335632,1.0079642534256,129.11994934082,0,1.24637413773664,3713.688
"190",8128,"      Main-Tauber-Kreis, Landkreis",3.6,132181,1,7.624,0.122233804020967,2.72564888000488,25.7223050211452,1.54261,3.92060661315918,0.51260107755661,0.325185269117355,0.993981003761292,101.333938598633,0,1.30863673729151,2471.543
"191",8135,"      Heidenheim, Landkreis",5.9,130527,0,12.515,0.0999115287226578,2.53910136222839,20.6853754395642,1.2165,0,0.3276506960392,0.40246918797493,0.988801002502441,208.133880615234,0,1.36816836276344,2489.475
"192",8136,"      Ostalbkreis, Landkreis",3.9,312650,1,10.13,0.112958713751034,2.05972766876221,37.1021909483448,0.97889,0,0.522601366043091,0.255355089902878,0.993267595767975,206.837921142578,0,1.23341009995489,6310.676
"193",8211,"      Baden-Baden, Stadtkreis",6.4,54160,0,17.016,0.108366241160804,3.96062302589417,25.8493353028065,0.94485,4.42193841934204,0.460679739713669,0.201628625392914,0.907646775245667,386.277740478516,0,0.627629983596035,1489.396
"194",8212,"      Karlsruhe, Stadtkreis",6.1,307755,0,18.027,0.036300596076143,2.59483671188354,15.9217559422268,1.03516,4.02608251571655,0.318338841199875,0.300021082162857,1.03718173503876,1774.21313476562,0,0.57400104975573,9808.616
"195",8215,"      Karlsruhe, Landkreis",3.5,435841,0,11.317,0.0626921537646523,2.49359941482544,14.9136955908233,1.24109,1.48067426681519,0.432410955429077,0.299331337213516,0.985988199710846,401.715301513672,0,0.936235344028016,7265.928
"196",8216,"      Rastatt, Landkreis",3.8,227474,0,11.723,0.0731957899192642,2.78605890274048,26.376640846866,0.98893,4.90268421173096,0.558936536312103,0.186448603868484,0.978636980056763,307.917419433594,0,1.04566849001399,4656.001
"197",8221,"      Heidelberg, Stadtkreis",5.8,156267,0,18.745,0.169028999674161,1.33365547657013,27.5170061497309,2.81744,3.95914006233215,0.268897652626038,0.317149460315704,0.921796023845673,1435.74975585938,0,0.439904462466434,4634.459
"198",8222,"      Mannheim, Stadtkreis",6.7,305780,0,22.637,0.161890833849553,-0.972239553928375,17.0056903656223,2.97655,0,0.29804527759552,0.264769047498703,0.999712228775024,2109.40942382812,0,1.16763908533711,10186.067
"199",8225,"      Neckar-Odenwald-Kreis, Landkreis",4.3,142936,0,8.2,0.116321782784376,2.03902697563171,18.1899591425533,1.07094,4.26989126205444,0.505027651786804,0.311210691928864,1.00358843803406,126.913208007812,0,1.33120888157895,2060.492
"200",8226,"      Rhein-Neckar-Kreis, Landkreis",5,541859,0,11.363,0.0628691002092537,1.47004520893097,11.8111907341209,1.21725,4.887282371521,0.335312187671661,0.354852676391602,0.965172588825226,510.364410400391,0,1.14608960519489,8193.37
"201",8231,"      Pforzheim, Stadtkreis",8.1,122247,0,22.999,0.0776416960953741,4.31490087509155,12.2702397604849,1.12833,5.44975566864014,0.260569363832474,0.340902537107468,0.960783362388611,1247.41833496094,0,1.42377380497516,2654.142
"202",8235,"      Calw, Landkreis",4.4,155359,0,13.26,0.126533181578295,2.65728259086609,19.3101139940396,1.12329,0,0.191290184855461,0.501999378204346,1.0000901222229,194.805084228516,0,1.07652129133511,2103.171
"203",8236,"      Enzkreis, Landkreis",3.2,196066,0,11.622,0.0531166038378036,2.34619069099426,15.8110024175533,1.13665,4.95500087738037,0.216818049550056,0.480120599269867,0.981145024299622,341.762969970703,0,1.31607054955465,2805.112
"204",8237,"      Freudenstadt, Landkreis",3.8,116233,0,9.552,0.167670464972722,0.567866265773773,15.4861356069275,1.17676,0,0.307399123907089,0.435989409685135,0.991416394710541,133.498336791992,0,1.31419033883748,2148.845
"205",8311,"      Freiburg im Breisgau, Stadtkreis",6.6,226393,0,16.255,0.273873616692909,1.99617564678192,28.269425291418,1.29296,2.38219928741455,0.380583703517914,0.242443755269051,0.910811960697174,1479.11279296875,0,0.376859617646301,5976.224
"206",8315,"      Breisgau-Hochschwarzwald, Landkreis",3.7,257343,0,10.057,0.088352582522108,2.84551882743835,19.8179083946328,0.96538,2.01676917076111,0.47873067855835,0.2623291015625,0.968086063861847,186.70637512207,0,0.636507980723697,3461.178
"207",8316,"      Emmendingen, Landkreis",3.5,162082,0,8.725,0.121888065074333,2.2933521270752,21.5940079712738,1.11078,0,0.459895312786102,0.310470223426819,0.972712457180023,238.39794921875,0,0.73089254086048,2277.509
"208",8317,"      Ortenaukreis, Landkreis",3.8,420106,0,9.481,0.0605969155451447,1.83333396911621,24.9936920681923,0.92989,2.85542559623718,0.528815090656281,0.264303922653198,0.984318375587463,226.981262207031,0,0.889546442276573,8002.816
"209",8325,"      Rottweil, Landkreis",3.2,137500,0,9.36,0.0925952510838669,1.42408454418182,13.8181818181818,1.00359,5.66633987426758,0.492522656917572,0.292162150144577,0.992869138717651,178.703720092773,0,1.634521085322,2628.701
"210",8326,"      Schwarzwald-Baar-Kreis, Landkreis",4,209648,0,13.408,0.126370833030721,2.88774871826172,14.3097000686866,1.51905,3.76628279685974,0.463373988866806,0.261968851089478,0.982599496841431,204.482772827148,0,1.5622050217104,4117.657
"211",8327,"      Tuttlingen, Landkreis",3.1,136606,0,13.535,0.0715408863617733,2.76213479042053,17.5687744315769,1.1463,4.3570671081543,0.480690389871597,0.260607808828354,1.00246262550354,186.023010253906,0,1.2988546463573,3167.944
"212",8335,"      Konstanz, Landkreis",4.4,280288,0,13.267,0.10394898613894,1.72221064567566,22.1201050348213,0.9783,4.01327705383301,0.478165596723557,0.203686639666557,0.948243856430054,342.658752441406,0,0.765348109946782,4606.909
"213",8336,"      Lörrach, Landkreis",3.6,226708,0,13.335,0.0368291039748484,2.09538650512695,22.4958978068705,0.90437,3.86081552505493,0.315640956163406,0.352658867835999,0.958211302757263,281.010467529297,0,1.00797872340426,3701.042
"214",8337,"      Waldshut, Landkreis",3.1,167861,0,13.528,0.117370892018779,2.82196927070618,22.0420466933951,1.03686,0,0.559003293514252,0.18556410074234,0.980543911457062,148.397216796875,0,0.787392080258525,2388.194
"215",8415,"      Reutlingen, Landkreis",4.1,282113,0,13.933,0.0402234000519701,1.9955495595932,17.0144587452546,0.96176,4.34732675552368,0.225072428584099,0.464434146881104,0.98003214597702,274.404968261719,0,1.0248476577806,5488.202
"216",8416,"      Tübingen, Landkreis",3.6,221837,0,12.335,0.154990420417164,0.928066194057465,16.6789128955044,1.18477,3.22987842559814,0.292845994234085,0.391883015632629,0.953323543071747,427.275177001953,0,0.728066389230481,3676.124
"217",8417,"      Zollernalbkreis, Landkreis",4.3,188595,0,11.945,0.100853004092509,2.89105439186096,16.9675760226941,1.11183,1.13499867916107,0.43066394329071,0.341199606657028,0.985482215881348,205.506103515625,0,1.63785907693561,3080.287
"218",8421,"      Ulm, Stadtkreis",5,122636,0,17.82,0.0447879088932501,1.00743329524994,11.415897452624,1.26166,3.31611394882202,0.356043547391891,0.25916188955307,0.970499396324158,1033.24621582031,0,0.766538910181636,4913.01
"219",8425,"      Alb-Donau-Kreis, Landkreis",3.1,192104,0,11.213,0.101228449412137,2.3792359828949,10.9315787281889,1.15212,3.79203104972839,0.438278764486313,0.330502927303314,1.0142810344696,141.391220092773,0,1.22039105615506,2554.394
"220",8426,"      Biberach, Landkreis",2.8,194019,0,8.523,0.104061020960108,2.74417996406555,16.4932300444802,1.20302,0,0.647339999675751,0.169367924332619,1.01099717617035,137.626525878906,0,0.874432620055689,4109.537
"221",8435,"      Bodenseekreis, Landkreis",3.2,212201,0,11.719,0.0998238684628564,2.10135388374329,14.6087907220041,1.11134,0,0.504221320152283,0.1936075091362,0.971541941165924,319.190460205078,0,0.831203142960078,4974.738
"222",8436,"      Ravensburg, Landkreis",3.1,279296,0,9.542,0.0931525644034445,1.26875233650208,15.0378093492209,1.12407,2.45381569862366,0.618557453155518,0.160559356212616,0.986698269844055,171.156127929688,0,0.874263654943029,5077.024
"223",8437,"      Sigmaringen, Landkreis",4,130772,0,10.115,0.0545252083093346,2.54597973823547,19.1172422231059,1.45322,0,0.635441720485687,0.164967358112335,1.00764536857605,108.583953857422,0,1.1168484567185,2147.095
"224",9161,"      Ingolstadt",3.7,132438,0,15.748,0.0127909951394218,0.944022059440613,19.631827723161,1.66104,3.03516387939453,0.495713502168655,0.180281281471252,1.01847195625305,993.011901855469,0,0.715534488041382,6430.116
"225",9162,"      München, Landeshauptstadt",5.6,1450381,0,25.249,0.125925039129876,1.72732675075531,9.58368869972787,0.76952,0.716838717460632,0.366444528102875,0.13761194050312,0.951453864574432,4668.107421875,0,0.392177368751307,49706.145
"226",9163,"      Rosenheim",5.7,61844,0,18.872,0.0114194358798675,2.78364586830139,16.1697173533407,0.59452,4.44061708450317,0.493890017271042,0.1393753439188,0.958886325359344,1661.57983398438,0,0.460536168938146,1661.378
"227",9171,"      Altötting, Landkreis",4,108485,0,9.098,0.0965546694395187,2.12378215789795,11.061437065032,1.12502,3.18214201927185,0.696414947509766,0.114163905382156,0.968303203582764,190.541839599609,0,0.558975576786073,2386.342
"228",9172,"      Berchtesgadener Land, Landkreis",4.8,103907,0,14.418,0.0156266786471203,2.4743344783783,6.73679347878391,0.7594,0,0.64860600233078,0.12139605730772,0.960139572620392,123.710594177246,0,0.55154857870174,1566.635
"229",9173,"      Bad Tölz-Wolfratshausen, Landkreis",3,124930,0,11.022,0.00246303396523838,2.81434988975525,12.8071720163291,1.14967,0,0.563132464885712,0.150531142950058,0.968393504619598,112.479629516602,0,0.483047338639187,1656.109
"230",9174,"      Dachau, Landkreis",2.6,149370,0,14.289,0.0967180812287527,2.83729028701782,5.3558278101359,0.89281,4.59213542938232,0.545383095741272,0.124357409775257,1.00160801410675,257.899108886719,0,0.494865109349226,1795.923
"231",9175,"      Ebersberg, Landkreis",2.4,137421,0,11.748,0.0015479995975201,2.83384394645691,14.5538163744988,0.92902,4.08786249160767,0.533245027065277,0.142371132969856,0.995744824409485,250.14289855957,0,0.36360676200038,1805.485
"232",9176,"      Eichstätt, Landkreis",1.5,128805,0,7.504,0.0431948166220054,1.95106625556946,9.3164085245138,0.78545,2.65531635284424,0.733392238616943,0.105403453111649,1.02775454521179,106.09529876709,0,0.883696019844402,1760.67
"233",9177,"      Erding, Landkreis",2.2,133747,0,9.67,0.00629866704458669,2.77374696731567,11.2152048270242,0.95495,4.88759422302246,0.635888516902924,0.0955483466386795,1.01347362995148,153.605056762695,0,0.491368439361656,1766.264
"234",9178,"      Freising, Landkreis",2.4,173225,0,14.826,0.00360631104432757,3.2996289730072,8.65925819021504,1.00847,3.9234504699707,0.551597476005554,0.113765060901642,1.03612065315247,216.577270507812,0,0.667206290471785,4491.622
"235",9179,"      Fürstenfeldbruck, Landkreis",3.4,213481,0,12.338,0.0322678426502655,2.97397017478943,8.90008946932046,0.96777,4.63305759429932,0.479893058538437,0.15778012573719,0.954810976982117,490.997955322266,0,0.474032040413827,2432.52
"236",9180,"      Garmisch-Partenkirchen, Landkreis",4.1,87385,0,11.503,0.00115826538176427,2.60983824729919,9.15488928305773,0.62725,0,0.607250809669495,0.142695665359497,0.941241800785065,86.3300476074219,0,0.499728408473656,1227.463
"237",9181,"      Landsberg am Lech, Landkreis",3.2,117657,0,7.479,0.00261720726536737,1.43848550319672,9.3492099917557,0.88445,0,0.58316308259964,0.147349342703819,1.00202488899231,146.270416259766,0,0.632185689051412,1759.221
"238",9182,"      Miesbach, Landkreis",3,98286,0,11.315,0,3.35920715332031,15.2615835419083,0.33584,0,0.593175292015076,0.126487240195274,0.957069754600525,113.464088439941,0,0.463455401914603,1559.44
"239",9183,"      Mühldorf a.Inn, Landkreis",4.4,112034,0,9.687,0.000906766290056401,2.8935067653656,12.4962065087384,0.81327,3.43383574485779,0.702078700065613,0.0957956686615944,1.01735842227936,139.119094848633,0,0.705655939270822,1660.505
"240",9184,"      München, Landkreis",3.2,340003,0,15.559,0.0275529000201229,3.10508918762207,11.4704870251145,0.9369,3.99126434326172,0.426924675703049,0.165274485945702,0.981103956699371,511.859985351562,0,0.332048224990529,13180.002
"241",9185,"      Neuburg-Schrobenhausen, Landkreis",2.2,94654,0,8.787,0.486886878125103,1.54277968406677,11.6212732689585,1.06625,2.76818037033081,0.683640003204346,0.136434376239777,1.0107489824295,127.943664550781,0,0.947553532636806,1408.809
"242",9186,"      Pfaffenhofen a.d.Ilm, Landkreis",2.2,124128,1,9.859,0.000851999216160721,3.06601023674011,20.9461201340552,0.79034,3.63601851463318,0.658815324306488,0.109235592186451,1.04147815704346,163.081695556641,0,0.909795731080204,2096.33
"243",9187,"      Rosenheim, Landkreis",3.1,256074,1,9.175,0.000400365133001297,2.02007460594177,14.0584362332763,0.95017,3.98584794998169,0.641873121261597,0.118923917412758,0.982334434986115,177.885986328125,0,0.480374232992606,3554.258
"244",9188,"      Starnberg, Landkreis",3.3,133621,0,12.744,0.000767559850479341,2.49016809463501,15.7160925303657,1.15793,0.592517137527466,0.437290072441101,0.183838978409767,0.940783441066742,273.976348876953,0,0.281512661367079,2435.574
"245",9189,"      Traunstein, Landkreis",3.4,174162,0,8.447,0.0961758375801221,1.93636512756348,20.6704103076446,1.10828,0,0.691268742084503,0.11376840621233,0.975454568862915,113.534553527832,0,0.548258892693184,3058.162
"246",9190,"      Weilheim-Schongau, Landkreis",3.2,132906,0,8.269,0.0358992377140588,1.47487831115723,11.2861721818428,0.99398,0,0.610984683036804,0.131336346268654,0.985686957836151,137.531173706055,0,0.587200686914011,2354.382
"247",9261,"      Landshut",5.5,69211,0,15.261,0.282968162129691,4.15726613998413,20.2279984395544,0.61029,0,0.587986290454865,0.122434847056866,0.938792109489441,1051.67907714844,0,0.604526032600095,1916
"248",9262,"      Passau",6.1,50566,0,11.259,0.207534490255762,1.0898095369339,5.93284024838824,0.34433,3.24564695358276,0.68502950668335,0.110773086547852,0.89947783946991,726.836303710938,0,0.669077006192079,1802.386
"249",9263,"      Straubing",6.4,46806,0,12.618,0,2.08031749725342,19.2283040635816,0.6192,3.24655747413635,0.638621628284454,0.137295454740524,1.00996267795563,692.601379394531,0,1.40215096994673,1301.997
"250",9271,"      Deggendorf, Landkreis",3.5,116596,0,6.53,0.221358061621298,1.33535027503967,17.1532471096779,2.98965,3.58621430397034,0.762926578521729,0.0915564298629761,0.984781682491302,135.370544433594,0,1.47080185938408,2230.507
"251",9272,"      Freyung-Grafenau, Landkreis",4.2,78122,0,3.751,0.19295524195074,1.05845463275909,11.5204423849876,1.09846,2.79307627677917,0.877628803253174,0.040641151368618,0.992857336997986,79.3801727294922,0,1.6522423288749,934.98
"252",9273,"      Kelheim, Landkreis",2.9,118965,0,10.2,0.0530283613352541,3.9373505115509,17.6522506619594,1.02494,0,0.70971691608429,0.0951823443174362,1.02807748317719,111.602577209473,0,1.07070429312893,1683.654
"253",9274,"      Landshut, Landkreis",3.1,154577,0,8.084,0,3.20441055297852,13.5854622615266,0.48611,0,0.740712523460388,0.0846419930458069,1.03099501132965,114.679870605469,0,0.699257349021164,2074.517
"254",9275,"      Passau, Landkreis",4.1,188336,0,5.999,0.0635184977608395,1.52975308895111,9.55738679806304,0.6839,3.06887936592102,0.812861740589142,0.0747814774513245,0.982713758945465,123.072898864746,0,1.02079476937399,2305.622
"255",9276,"      Regen, Landkreis",4.1,76812,0,4.521,0.086127189593809,-0.701094031333923,27.3394782065302,1.50921,4.67920112609863,0.855942785739899,0.0535021238029003,0.999791741371155,78.7888107299805,0,1.28797535585298,1103.634
"256",9277,"      Rottal-Inn, Landkreis",3.9,119218,0,7.995,0.000847802495930548,3.08452796936035,15.9371906926806,0.68718,2.70565533638,0.790601372718811,0.0714285746216774,0.993078768253326,93.0365753173828,0,1.15395776787696,1575.789
"257",9278,"      Straubing-Bogen, Landkreis",3.3,98806,0,5.866,0.0553329712780892,2.19045615196228,10.1208428637937,0.81354,2.36626100540161,0.817259967327118,0.0705253928899765,1.01139998435974,82.2061157226562,0,1.41334088121521,1004.735
"258",9279,"      Dingolfing-Landau, Landkreis",3.1,94104,0,9.542,0.0857039258990672,2.56482148170471,13.8145031029499,0.82611,3.478182554245,0.750077664852142,0.0857735499739647,1.05759263038635,107.205596923828,0,1.3966795071073,2908.572
"259",9361,"      Amberg",6.4,41861,0,8.421,0.393097931664953,1.11897754669189,21.4997252812881,1.21343,0,0.619360089302063,0.193982481956482,0.966228246688843,834.88232421875,0,1.00430416068867,1294.993
"260",9362,"      Regensburg",4.6,145465,0,13.187,0.178571428571429,2.29414248466492,10.3117588423332,2.01136,3.6122260093689,0.56910115480423,0.143881604075432,0.926790833473206,1802.54028320312,0,0.502800688043047,6362.556
"261",9363,"      Weiden i.d.OPf.",8.1,42055,0,8.268,0.245466027978361,1.50695979595184,11.8891927238141,0.47349,3.16163229942322,0.630407691001892,0.182508498430252,0.911330282688141,596.10205078125,0,1.37166204581935,1203.765
"262",9371,"      Amberg-Sulzbach, Landkreis",3.3,103568,0,4.917,0.000950751093363757,1.05599975585938,11.5865904526495,0.66185,0,0.661841571331024,0.228053629398346,0.999343633651733,82.4750137329102,0,1.09432985242082,1237.745
"263",9372,"      Cham, Landkreis",3.4,126359,0,4.209,0.0561088511712723,0.984299540519714,15.8279188660879,0.95912,0,0.865517258644104,0.0518740713596344,0.998023450374603,83.1221694946289,0,1.05464413469841,2014.566
"264",9373,"      Neumarkt i.d.OPf., Landkreis",2.3,130385,0,6.93,0.00469597476696225,2.49778246879578,14.5722284005062,0.83194,0,0.715096950531006,0.142103508114815,1.01478815078735,97.0039901733398,0,1.04626473710678,2061.659
"265",9374,"      Neustadt a.d.Waldnaab, Landkreis",4.3,95078,0,4.056,0.0164590427009289,0.847515344619751,21.0353604409012,0.976,2.5768940448761,0.779029428958893,0.13198222219944,0.986917972564697,66.5961532592773,0,1.86893604533866,1153.475
"266",9375,"      Regensburg, Landkreis",2.5,189390,0,6.826,0.00217632592657076,2.64745402336121,6.8641427741697,0.74517,3.675696849823,0.746199727058411,0.098354808986187,0.99654221534729,136.065811157227,0,0.914051841746248,2022.094
"267",9376,"      Schwandorf, Landkreis",3.8,144864,0,6.32,0.0952354275790594,1.92586553096771,11.0448420587586,0.80772,0,0.794034004211426,0.0840759202837944,1.00976693630219,98.8846282958984,0,1.36235055508113,2340.847
"268",9377,"      Tirschenreuth, Landkreis",4.8,73314,0,3.55,0.173792144595064,0.576817572116852,20.4599394385793,0.89556,1.87670075893402,0.817850291728973,0.101126000285149,0.987475574016571,67.6184921264648,0,1.42629257764849,1026.161
"269",9461,"      Bamberg",5.5,73331,0,10.353,0.0771384492314725,2.12775540351868,16.3641570413604,2.17367,3.5628457069397,0.568981409072876,0.19399730861187,0.901540279388428,1342.56677246094,0,0.924942715028223,2470.363
"270",9462,"      Bayreuth",6.5,72148,0,9.106,0.331576847405858,0.35704904794693,26.3347563342019,0.97205,3.3272659778595,0.257951080799103,0.50142639875412,0.934366464614868,1078.12316894531,0,0.682584720809465,2313.739
"271",9463,"      Coburg",6.5,41257,0,8.995,0.275099814977116,0.510727047920227,26.6621421819328,1.04963,3.03087091445923,0.198181509971619,0.533286213874817,0.941231846809387,854.359069824219,0,1.14770225324402,1885.613
"272",9464,"      Hof",7.6,44660,0,12.452,0.46234282504429,1.74897992610931,29.1088222122705,1.32657,4.0991997718811,0.18798454105854,0.517772972583771,0.915258586406708,769.601928710938,0,1.16322352503257,1104.3
"273",9471,"      Bamberg, Landkreis",3,145570,0,3.914,0,0.914922177791595,17.1738682420828,0.55703,3.39092183113098,0.737281501293182,0.143611162900925,1.00333034992218,124.64892578125,0,2.03625407007824,1541.918
"274",9472,"      Bayreuth, Landkreis",3.9,104306,0,3.182,0.0226197432659139,-0.677493751049042,19.1743523862482,0.55155,2.85304379463196,0.360225826501846,0.510697841644287,0.975866615772247,81.8882675170898,0,1.04176856108774,1016.562
"275",9473,"      Coburg, Landkreis",4.3,86599,0,4.323,0,0.651506721973419,15.0117206896154,0.60543,2.990473985672,0.178627178072929,0.643281102180481,0.976333916187286,146.6611328125,0,1.59974275493388,1084.84
"276",9474,"      Forchheim, Landkreis",3.3,114834,0,5.717,0.0451387352303403,0.7765212059021,6.96657784279917,0.87182,3.30833697319031,0.580443143844604,0.244567051529884,0.980955362319946,178.649322509766,0,1.11494759898392,1363.155
"277",9475,"      Hof, Landkreis",4.2,96429,0,4.664,0.000997665462817008,0.792060315608978,25.9258107001006,0.73803,3.65827417373657,0.152177199721336,0.682201027870178,0.95117461681366,108.041275024414,0,1.08134280180762,1497.506
"278",9476,"      Kronach, Landkreis",4.5,67916,0,3.847,0.0185433486434827,0.232473492622375,23.5585134578008,0.27648,2.5671718120575,0.562735974788666,0.32710787653923,0.971952021121979,104.240783691406,0,1.47714249331466,1043.31
"279",9477,"      Kulmbach, Landkreis",5.1,72468,0,3.69,0.0859164194332201,0.650706708431244,11.0393553016504,0.72649,3.1619610786438,0.259723782539368,0.594699680805206,0.96044909954071,110.076858520508,0,1.07544830217474,1178.708
"280",9478,"      Lichtenfels, Landkreis",5,66655,0,4.141,0.069029330121756,0.0903002917766571,19.503413097292,0.88518,2.83543753623962,0.596282124519348,0.279581546783447,0.969826817512512,128.195022583008,0,1.75208645409801,1153.43
"281",9479,"      Wunsiedel i.Fichtelgebirge, Landkreis",5.9,73185,0,6.209,0.0988965230064543,-0.201056107878685,12.2976019676163,0.92094,3.08808588981628,0.267476737499237,0.556809186935425,0.940474629402161,120.681694030762,0,1.50565860181769,1234.116
"282",9561,"      Ansbach",5.2,41159,0,10.715,0.0720443196780364,0.710777103900909,29.1552272892927,1.63959,0,0.241523385047913,0.527867138385773,0.925026893615723,411.960754394531,0,1.055587332952,1285.089
"283",9562,"      Erlangen",4.4,108336,0,15.29,0.127805810904202,0.577184736728668,18.4610840348545,1.06274,3.20869755744934,0.310299932956696,0.331376135349274,0.97398054599762,1407.87524414062,0,0.498660840146603,5610.639
"284",9563,"      Fürth",7.4,124171,0,17.037,0.0663014272254597,4.41355752944946,11.2747743031787,1.04017,3.37502479553223,0.247748956084251,0.371186643838882,0.955387234687805,1960.07897949219,0,0.896998574187377,2179.383
"285",9564,"      Nürnberg",8.1,509975,0,20.358,0.191629224148842,3.86780190467834,8.62787391538801,1.42335,3.50880980491638,0.27358865737915,0.319283425807953,0.946142613887787,2736.2109375,0,1.06479599339152,15796.611
"286",9565,"      Schwabach",4.6,40428,0,11.039,0.00771624784588081,1.88495779037476,7.42059958444642,0.80619,3.81832027435303,0.29499077796936,0.40825080871582,0.951346635818481,990.396850585938,0,0.814130641782518,679.127
"287",9571,"      Ansbach, Landkreis",3.5,181314,0,7.008,0.105599555370293,1.92088043689728,14.8912935570337,1.00324,0,0.248978152871132,0.608226358890533,1.00610744953156,91.9512100219727,0,1.3245513950835,2452.539
"288",9572,"      Erlangen-Höchstadt, Landkreis",2.6,134136,0,7.477,0.0631428397541233,1.73176217079163,7.45512017653725,0.83867,3.31883811950684,0.410797953605652,0.35694620013237,0.989735066890717,237.551803588867,0,0.818096184368427,2235.54
"289",9573,"      Fürth, Landkreis",3.5,114291,0,5.165,0.486020381499869,0.372734576463699,3.49983813248637,3.63295,3.26542162895203,0.251050651073456,0.490380018949509,0.940095067024231,371.605529785156,0,1.04773685857788,981.575
"290",9574,"      Nürnberger Land, Landkreis",3.2,167643,0,7.551,0.0060146758089739,0.34842574596405,23.2637211216693,1.12827,0,0.272914677858353,0.477120399475098,0.969652116298676,209.666442871094,0,0.856756194045388,2368.936
"291",9575,"      Neustadt a.d.Aisch-Bad Windsheim, Landkreis",2.6,98751,0,6.206,0.0358760942208737,1.95109522342682,18.2276635173315,0.94573,2.81718730926514,0.196358039975166,0.655655324459076,0.993600368499756,77.9063720703125,0,0.994409903510876,1270.252
"292",9576,"      Roth, Landkreis",3.2,125140,0,6.081,0.00241573124184691,1.97425663471222,11.9865750359597,1.7346,0,0.414718180894852,0.384266763925552,0.989222526550293,139.760330200195,0,0.907652010701329,1565.437
"293",9577,"      Weißenburg-Gunzenhausen, Landkreis",3.7,93342,0,7.398,0.0292441999003531,1.7657835483551,27.8545563626235,0.89604,0,0.290502429008484,0.556051135063171,0.993762969970703,96.138671875,0,1.06761565836299,1330.307
"294",9661,"      Aschaffenburg",6.5,68986,0,14.594,0.474678936486211,-0.524378657341003,7.24784738932537,1.14865,0,0.513472616672516,0.159102723002434,0.932489216327667,1104.30603027344,0,1.08927083654766,2217.806
"295",9662,"      Schweinfurt",7.1,51969,0,13.816,0.301413460638397,-1.16293811798096,21.1664646231407,7.68649,0,0.416374206542969,0.288245797157288,0.938490808010101,1455.71423339844,0,0.877306154044639,2829.679
"296",9663,"      Würzburg",4.7,124873,0,9.519,0.302692845238006,-3.16943550109863,13.6138316529594,0.46933,3.01007747650146,0.515032529830933,0.222121208906174,0.900249540805817,1425.00280761719,0,0.378267854534833,4324.758
"297",9671,"      Aschaffenburg, Landkreis",3.5,173695,0,8.362,0.0115829892220285,1.44811391830444,7.48438354587064,0.89075,0,0.658650636672974,0.113282971084118,0.993012189865112,248.433837890625,0,1.23479714046978,2321.115
"298",9672,"      Bad Kissingen, Landkreis",4.3,103106,0,4.489,0.0882062492210046,1.17263662815094,6.78912963358097,1.04858,0,0.693856954574585,0.177763894200325,0.964559972286224,90.6856918334961,0,1.07992090720116,1583.676
"299",9673,"      Rhön-Grabfeld, Landkreis",3.5,79723,0,3.66,0.0820107096338463,0.390426069498062,12.5434316320259,0.90743,0,0.657152771949768,0.225500747561455,0.98399817943573,78.0244064331055,0,1.04253544620517,1380.748
"300",9674,"      Haßberge, Landkreis",3.7,84581,0,3.994,0.136454534760616,1.2484405040741,17.7344793748005,1.21566,0,0.637115001678467,0.260467052459717,1.00576257705688,88.4386978149414,0,1.84908670662112,1169.899
"301",9675,"      Kitzingen, Landkreis",3.4,89306,0,7.113,0.0384628437616661,2.37528276443481,20.1554206884196,0.77634,0,0.469259798526764,0.380077302455902,1.00642549991608,130.529983520508,0,0.930916217540421,1353.473
"302",9676,"      Miltenberg, Landkreis",3.4,128446,0,9.915,0.00311669692459931,0.570363104343414,5.44976098905377,0.83007,3.07365870475769,0.64655077457428,0.121450707316399,0.994998753070831,179.428939819336,0,1.15520061296359,1865.46
"303",9677,"      Main-Spessart, Landkreis",2.6,126123,0,5.678,0,0.233459025621414,16.6504126923717,0.61311,3.48816657066345,0.692089915275574,0.15140226483345,0.993503749370575,95.4450531005859,0,0.842815002107038,2226.876
"304",9678,"      Schweinfurt, Landkreis",3.5,114813,0,4.853,0.0469014096970877,1.06991469860077,8.70981509062563,0.91695,0,0.678150773048401,0.188373237848282,0.999982595443726,136.44499206543,0,0.995238236077016,1005.676
"305",9679,"      Würzburg, Landkreis",2.6,160427,0,5.086,0.040678899541893,0.972424566745758,14.3367388282521,0.3799,2.86154079437256,0.63964706659317,0.190638542175293,0.988682270050049,165.660202026367,0,0.709703412154833,1726.395
"306",9761,"      Augsburg",7.3,286374,0,19.285,0.331308460643426,2.11022591590881,10.8250050633088,0.73779,4.67497730255127,0.459515184164047,0.167978122830391,0.960780799388885,1949.97961425781,0,0.65673107031931,7504.388
"307",9762,"      Kaufbeuren",6.7,42731,0,12.874,0.0645269220658175,3.43633985519409,16.3815496946011,1.19246,4.01868200302124,0.487123936414719,0.215330928564072,0.966270923614502,1067.47436523438,0,0.703141038801068,770.903
"308",9763,"      Kempten (Allgäu)",5.2,66947,0,14.516,0.182081856268128,3.23175930976868,8.96231347185087,1.12916,0,0.486766129732132,0.1791722625494,0.978280782699585,1057.94885253906,0,0.46927602271568,1796.315
"309",9764,"      Memmingen",4.6,42841,0,15.98,0.0048750761730652,2.51747751235962,14.0052753203707,0.92652,4.54449510574341,0.420503854751587,0.271622896194458,0.968886435031891,610.792724609375,0,1.21925472395229,1334.667
"310",9771,"      Aichach-Friedberg, Landkreis",3,130916,0,7.409,0.00234457426438982,1.93441927433014,6.87463717192704,1.06811,3.83980584144592,0.684239685535431,0.105422236025333,0.993391692638397,167.776489257812,0,0.653133772517598,1442.332
"311",9772,"      Augsburg, Landkreis",3.3,245600,0,8.175,0.0262425646066948,1.80763745307922,6.92182410423453,0.75444,4.5639853477478,0.625378012657166,0.138383343815804,0.987537443637848,229.294845581055,0,0.754927681446524,3187.035
"312",9773,"      Dillingen a.d.Donau, Landkreis",2.7,94575,0,8.012,0.0630752947968227,1.68095099925995,23.2619614062913,1.18638,0,0.699736356735229,0.133546963334084,0.997570991516113,119.37971496582,0,1.35882610782943,1459.24
"313",9774,"      Günzburg, Landkreis",3,123153,0,11.154,0.0456617213638741,2.0249764919281,18.675955924744,0.90209,5.28001928329468,0.665074646472931,0.118204057216644,1.01625740528107,161.524841308594,0,1.48018707920029,2202.006
"314",9775,"      Neu-Ulm, Landkreis",3.1,170309,0,13.097,0.0362623216347055,1.05307471752167,9.39468847800175,1.04142,4.42365980148315,0.51065582036972,0.195283606648445,0.98719996213913,330.139373779297,0,1.53539643530338,2993.6
"315",9776,"      Lindau (Bodensee), Landkreis",3.2,80429,0,11.986,0.154195238751896,0.736015260219574,17.4066568028945,0.92584,0,0.547526121139526,0.170811012387276,0.967489421367645,248.659759521484,0,0.551443556688398,1440.486
"316",9777,"      Ostallgäu, Landkreis",3.1,137709,0,7.736,0.0283834151223848,2.07948398590088,13.0710411084243,0.94853,3.61546015739441,0.692460298538208,0.108783856034279,0.996969223022461,98.7224960327148,0,0.579619224264906,2144.702
"317",9778,"      Unterallgäu, Landkreis",2.5,140419,0,7.76,0.00147747588020626,2.18548369407654,14.243086761763,0.96963,4.50528478622437,0.694542050361633,0.132774993777275,1.01037979125977,114.156219482422,0,1.20122596517269,2204.287
"318",9779,"      Donau-Ries, Landkreis",2.3,131345,0,7.821,0.0651834837468087,2.50466632843018,12.1816589896837,1.19198,0,0.589954674243927,0.262937784194946,1.02181208133698,103.040740966797,0,1.07595119277699,2917.745
"319",9780,"      Oberallgäu, Landkreis",3.2,152672,0,7.775,0.0180088843829623,0.65415370464325,9.16998532802348,0.80805,0,0.637477278709412,0.133461147546768,0.974291980266571,99.9155731201172,0,0.590453155011738,2087.557
"320",10041,"      Saarbrücken, Regionalverband",10.9,327380,0,11.731,0.0914745150195737,0.453757345676422,32.3782760095302,0.60012,4.28436088562012,0.51812332868576,0.235393568873405,0.960136294364929,797.243347167969,0,1.87502166152566,7512.515
"321",10042,"      Merzig-Wadern, Landkreis",5.6,103997,0,10.041,0.0133532996957355,2.19975137710571,37.5010817619739,1.03411,4.23171806335449,0.792977333068848,0.0727063938975334,0.982178926467896,187.324600219727,0,1.51983024824469,1328.37
"322",10043,"      Neunkirchen, Landkreis",8.8,133735,0,7.547,0.0335162152906803,0.813155233860016,29.162149026059,0.77507,4.92654085159302,0.586175858974457,0.247626006603241,0.964149355888367,536.571166992188,0,1.82173234951049,1672.701
"323",10044,"      Saarlouis, Landkreis",6.1,197009,0,8.836,0.022133905207862,0.590874254703522,34.5161896157028,1.0484,4.55663585662842,0.75298798084259,0.0862556025385857,0.962319195270538,429.166748046875,0,1.85870964877226,3217.482
"324",10045,"      Saarpfalz-Kreis",5.9,144584,1,7.676,0.0428839453229697,0.829310297966003,31.8154152603331,0.92662,4.47859954833984,0.537154197692871,0.262768745422363,0.950437724590302,345.564056396484,0,1.61591771821274,3007.914
"325",10046,"      St. Wendel, Landkreis",4.1,88892,0,4.35,0.0353216477548678,0.225093930959702,25.8740944066958,1.07978,4.06550168991089,0.682556569576263,0.196227252483368,0.981189250946045,186.66162109375,0,1.22106830184667,1036.9
"326",11000,"  Berlin",12.6,3520031,0,15.502,0.330248719560208,1.85020744800568,23.8918350434982,1.43101,3.77480602264404,0.0891116261482239,0.192221999168396,0.96266233921051,3947.63940429688,1,1.51108590210665,61717.899
"327",12051,"      Brandenburg an der Havel, Kreisfreie Stadt",13.4,71574,0,3.452,0.151857114993452,0.633587718009949,65.6663034062648,1.14315,0,0.0260867141187191,0.0930151343345642,0.974400699138641,311.570617675781,1,1.91216178982752,1165.767
"328",12052,"      Cottbus, Kreisfreie Stadt",11.1,99687,0,5.062,0.0685662791039367,1.34472823143005,43.1350125894048,0.97396,0,0.0350256040692329,0.11182789504528,0.970605075359344,603.578369140625,1,2.190671621097,1863.11
"329",12053,"      Frankfurt (Oder), Kreisfreie Stadt",12.6,58092,0,7.383,0.23537212000663,2.33410215377808,22.3782964952145,1.12404,0,0.0408860333263874,0.0865742340683937,0.929774463176727,392.911743164062,1,2.07575012297098,1140.315
"330",12054,"      Potsdam, Kreisfreie Stadt",7.8,167745,0,6.208,0.097510611448893,1.03356432914734,37.5570061700796,0.83637,0,0.0453592799603939,0.145018935203552,0.93052214384079,891.028381347656,1,1.01415524624119,3571.25
"331",12060,"      Barnim, Landkreis",8.7,177411,0,3.104,0.104044150909255,0.552091002464294,52.9843132612972,1.05554,0,0.0251504387706518,0.126844167709351,0.984152376651764,119.898223876953,1,2.45788345586026,1724.55
"332",12061,"      Dahme-Spreewald, Landkreis",6.7,164528,0,3.75,0.123605574611415,0.928084850311279,60.1721287561995,1.4035,0,0.0314868688583374,0.188640251755714,0.983675122261047,72.3362197875977,1,3.07550683097266,2131.153
"333",12062,"      Elbe-Elster, Landkreis",11.8,104673,0,1.903,0.106273721812905,0.311573386192322,48.7231664326044,1.1848,0,0.0321629196405411,0.267857939004898,0.980455219745636,55.1035232543945,1,3.66166120714819,1149.956
"334",12063,"      Havelland, Landkreis",8.6,158236,1,3.12,0.0703720680995022,1.42719662189484,37.2860790212088,1.14409,0,0.0440058521926403,0.179132476449013,0.97992992401123,91.6088714599609,1,2.77761856178281,1468.134
"335",12064,"      Märkisch-Oderland, Landkreis",9.7,190714,0,2.56,0.109185205404668,0.232465326786041,42.9963190956091,1.04606,0,0.0249180775135756,0.124216809868813,0.990585327148438,88.3487396240234,1,2.50480778384965,1758.27
"336",12065,"      Oberhavel, Landkreis",8.5,207524,0,2.96,0.0856619601819578,1.10891401767731,73.7264123667624,1.29772,0,0.0401484034955502,0.167904183268547,0.975553572177887,114.768280029297,1,2.59756998745467,2150.122
"337",12066,"      Oberspreewald-Lausitz, Landkreis",13.2,112450,0,2.438,0.117522333352509,-0.114618025720119,22.2321031569586,0.77416,0,0.028318764641881,0.158763125538826,0.96718156337738,91.9392700195312,1,3.69008863066403,1433.255
"338",12067,"      Oder-Spree, Landkreis",9.6,182397,0,5.564,0.355707362707292,2.10754680633545,28.5092408318119,2.2528,0,0.0249695535749197,0.14073646068573,0.994630575180054,80.822868347168,1,3.34685102848488,1984.947
"339",12068,"      Ostprignitz-Ruppin, Landkreis",10.3,99110,0,2.439,0.113737994322821,0.449071168899536,81.7273736252649,1.3642,0,0.0255581494420767,0.24459807574749,0.991040229797363,39.2272491455078,1,2.28617075907716,1222.534
"340",12069,"      Potsdam-Mittelmark, Landkreis",6.6,210910,0,3.576,0.101428780416443,1.34749269485474,42.6722298610782,0.96049,0,0.0414908081293106,0.21311928331852,0.98615688085556,81.3714828491211,1,1.72000229224484,2316.22
"341",12070,"      Prignitz, Landkreis",12.9,77573,0,2.826,0.113382831644783,1.47637856006622,68.3227411599397,1.52547,0,0.021214310079813,0.230479851365089,0.988184630870819,36.2729644775391,1,2.0835239227884,879.821
"342",12071,"      Spree-Neiße, Landkreis",10.2,117635,0,2.713,0.10126582278481,-0.0860505700111389,50.1551409019424,1.09125,0,0.0281495861709118,0.196500271558762,0.974536716938019,70.9743423461914,1,3.89543234702672,1305.41
"343",12072,"      Teltow-Fläming, Landkreis",7.5,163553,1,3.552,0.112773102995303,1.35664224624634,53.8051885321578,0.93753,0,0.034975353628397,0.183171644806862,0.993600606918335,77.726188659668,1,2.12124633100023,2215.595
"344",12073,"      Uckermark, Landkreis",16.2,121014,0,3.22,0.0978895928717878,0.116822928190231,61.9763002627795,1.29025,0,0.0297396574169397,0.183571010828018,0.967003703117371,39.32958984375,1,2.74318411309323,1401.913
"345",13003,"      Kreisfreie Stadt Rostock, Hansestadt",11,206011,0,4.409,0.172145904752509,0.869897186756134,44.6578095344423,0.71216,0,0.0304796136915684,0.102783814072609,0.963262259960175,1136.54968261719,1,1.62918709059805,3564.932
"346",13004,"      Kreisfreie Stadt Schwerin, Landeshauptstadt",11.2,96800,0,8.73,0.0693131695022054,5.01859474182129,25.8264462809917,0.59259,0,0.0343618914484978,0.125058874487877,0.944868624210358,741.648803710938,1,2.11479206139595,2055.13
"347",13071,"      Landkreis Mecklenburgische Seenplatte",13.9,262517,0,2.548,0.485585613185871,0.112412832677364,27.8077229284199,1.55769,0,0.0312426891177893,0.0997332781553268,0.968852877616882,47.9890670776367,1,2.69871700339183,3446.069
"348",13072,"      Landkreis Rostock",8.7,213473,0,2.598,0.154440813331399,0.624399960041046,41.6914551254725,1.41591,0,0.0321562588214874,0.170543178915977,0.99882960319519,62.373046875,1,2.30071037353015,2262.62
"349",13073,"      Landkreis Vorpommern-Rügen",13.2,224820,0,3.11,0.11901338700917,-0.522333264350891,35.1392224891024,1.47895,0,0.0242178291082382,0.139154344797134,0.973230361938477,70.094596862793,1,2.37692281912933,2507.662
"350",13074,"      Landkreis Nordwestmecklenburg",8.9,156270,0,2.841,0.0137900125833865,1.27669537067413,71.0309080437704,0.78173,0,0.0323385931551456,0.207573115825653,0.993265211582184,73.7637557983398,1,2.51047032205266,1624.331
"351",13075,"      Landkreis Vorpommern-Greifswald",13.8,238358,0,3.788,0.0449714786148785,-4.56543159484863,57.8961058575756,1.32353,0,0.0361195281147957,0.168331235647202,0.96981942653656,60.6550559997559,1,4.70049251631061,2728.261
"352",13076,"      Landkreis Ludwigslust-Parchim",8.2,214113,0,4.29,0.412845533761953,1.9548933506012,48.5724827544334,1.6879,0,0.0418437719345093,0.225071534514427,1.01324844360352,45.0530891418457,1,2.97659176829008,2158.459
"353",14511,"      Chemnitz, Stadt",10.2,248645,0,6.883,0.168552259422482,2.05911636352539,39.8158016449154,0.9494,0,0.0208238810300827,0.129188820719719,0.974987506866455,1124.83605957031,1,2.33036988582303,4441.757
"354",14521,"      Erzgebirgskreis",8,347665,0,1.963,0.0798550657717829,0.88767272233963,25.3117224914789,0.89278,0,0.0183669570833445,0.351468116044998,0.960874438285828,190.199142456055,1,3.96273657498758,3647.98
"355",14522,"      Mittelsachsen, Landkreis",8.2,312450,0,2.753,0.102941445200431,1.16136693954468,39.6863498159706,0.88932,0,0.0213365126401186,0.229749411344528,0.985498785972595,147.63835144043,1,3.58994184653584,3778.41
"356",14523,"      Vogtlandkreis",8.1,232318,0,2.539,0.116611157028175,1.0529237985611,46.4880035124269,0.9824,0,0.0236239489167929,0.271290093660355,0.949892580509186,164.482238769531,1,3.16178353268225,2692.997
"357",14524,"      Zwickau, Landkreis",7.8,324534,1,2.572,0.121661616929682,0.963200569152832,36.0516925807465,1.00758,0,0.027641549706459,0.216854602098465,0.949539542198181,341.690277099609,1,3.0931041754534,4591.532
"358",14612,"      Dresden, Stadt",8.8,543825,0,5.71,0.108592163775337,0.989299714565277,25.3758102330713,0.89706,0,0.0429253987967968,0.153071895241737,0.989009380340576,1655.58020019531,1,2.35695584758903,10532.192
"359",14625,"      Bautzen, Landkreis",8.9,306273,1,1.958,0.116325724469769,0.369873940944672,55.1795293741205,0.93747,0,0.0855590850114822,0.233344122767448,0.976924180984497,127.848136901855,1,4.08153039295378,3780.018
"360",14626,"      Görlitz, Landkreis",12.7,260000,0,3.451,0.0725830913896954,1.37497901916504,45.7692307692308,0.83363,0,0.0516156293451786,0.23519267141819,0.959675908088684,123.139877319336,1,4.24110268669854,2939.21
"361",14627,"      Meißen, Landkreis",9,245244,1,2.694,0.0979969889634843,0.166230916976929,24.0576731744711,0.93581,0,0.0296534355729818,0.211030781269073,0.975989401340485,168.600082397461,1,3.90253441255962,3148.018
"362",14628,"      Sächsische Schweiz-Osterzgebirge, Landkreis",8.1,247412,1,2.662,0.0725303993531715,1.04849576950073,25.4635991786979,0.84162,0,0.0297466143965721,0.192903280258179,0.981721639633179,149.567764282227,1,5.08363510950164,2584.518
"363",14713,"      Leipzig, Stadt",10.7,560472,0,7.494,0.179772530374864,1.71890306472778,38.0036826103713,0.95229,0,0.0398863554000854,0.118165969848633,0.959294974803925,1882.04162597656,1,1.88697526827023,10117.137
"364",14729,"      Leipzig, Landkreis",8.2,258408,1,2.043,0.118544557047231,0.59354031085968,32.8937184607288,0.96333,0,0.0273898411542177,0.174696996808052,0.964616715908051,156.479080200195,1,3.02469756375457,2569.138
"365",14730,"      Nordsachsen, Landkreis",10.4,197605,1,2.768,0.15420200462606,0.885571718215942,23.7848232585208,0.91706,0,0.0293192155659199,0.158019542694092,0.984922587871552,97.4181900024414,1,3.87789003567441,2507.342
"366",15001,"      Dessau-Roßlau, Kreisfreie Stadt",12,82919,0,4.098,0.179504291993648,1.62751460075378,66.329791724454,1.08836,5.84311151504517,0.0318842269480228,0.109357200562954,0.946089923381805,338.804443359375,1,1.94046066927423,1291.418
"367",15002,"      Halle (Saale), Kreisfreie Stadt",12.4,236991,0,7.109,0.314642239325558,3.17833280563354,34.1785131080927,1.86304,3.26647758483887,0.0382059141993523,0.0905944928526878,0.936042785644531,1755.22888183594,1,1.39816684791052,3784.126
"368",15003,"      Magdeburg, Kreisfreie Stadt",12,235723,0,6.262,0.254832091566785,2.75741100311279,24.6051509610857,1.20961,0,0.0376779586076736,0.0883915424346924,0.965783536434174,1172.75122070312,1,1.40063381553669,4224.52
"369",15081,"      Altmarkkreis Salzwedel",9.1,86164,1,3.325,0.13182590043793,2.09164571762085,90.5250452625226,1.50806,0,0.0253850258886814,0.271959751844406,1.00102186203003,37.5761528015137,1,2.11020185488271,975.298
"370",15082,"      Anhalt-Bitterfeld, Landkreis",11,164817,0,3.157,0.118318406720938,1.6398069858551,42.4713470091071,1.18067,5.1380934715271,0.0405979305505753,0.123623833060265,0.96498441696167,113.390846252441,1,2.52978939589876,1988.323
"371",15083,"      Börde, Landkreis",8.2,173473,1,2.69,0.12466457960644,1.59485244750977,34.5875150599805,1.58307,0,0.0398868508636951,0.168101876974106,1.00190412998199,73.2989654541016,1,2.2117202268431,2103.484
"372",15084,"      Burgenlandkreis",11.1,184081,1,4.056,0.0880558201807461,2.34895300865173,54.3239117562377,1.27897,0,0.0289676319807768,0.139108940958977,0.98352462053299,130.213134765625,1,3.38407020961341,2010.11
"373",15085,"      Harz, Landkreis",8.7,221366,0,3.458,0.190235987311862,2.14915919303894,55.1123478763676,0.96531,0,0.035303208976984,0.153588384389877,0.970500290393829,105.185981750488,1,1.96097770923372,2506.458
"374",15086,"      Jerichower Land, Landkreis",10.6,91693,0,3.144,0.10077817373326,2.03128433227539,40.352044321813,1.39778,0,0.0266918130218983,0.14613901078701,1.00102567672729,58.1494750976562,1,1.85035225524334,1049.808
"375",15087,"      Mansfeld-Südharz, Landkreis",14.4,141408,0,2.526,0.233540703283542,1.4334819316864,35.3586784340349,1.57475,0,0.0358652211725712,0.116169780492783,0.975606679916382,97.6008377075195,1,2.77844825274224,1357.421
"376",15088,"      Saalekreis",9.9,186431,1,2.893,0.158926812425741,1.36567783355713,28.4287484377598,1.17956,0.769590735435486,0.0287561099976301,0.115697436034679,0.981369316577911,130.03759765625,1,2.47304441324931,2531.686
"377",15089,"      Salzlandkreis",12.3,196695,0,2.851,0.132169730745924,1.48111081123352,41.1805078929307,1.33977,1.85550177097321,0.0342600420117378,0.118248008191586,0.956502258777618,137.864212036133,1,2.34426327420414,2168.51
"378",15090,"      Stendal, Landkreis",13.2,115262,0,3.455,0.20426746732951,1.86023712158203,52.9229060748555,1.51394,0,0.0250411052256823,0.201469749212265,0.984948694705963,47.5672073364258,1,2.08636905550404,1256.816
"379",15091,"      Wittenberg, Landkreis",11,128447,0,2.803,0.167797475742321,1.65759980678558,64.61809150856,1.15366,3.95196294784546,0.0352121144533157,0.171075388789177,0.975499868392944,66.5425033569336,1,2.60999356402426,1435.022
"380",16051,"      Erfurt, krsfr. Stadt",8.8,210118,0,5.784,0.197078938895773,2.33902096748352,26.1757679018456,0.76472,0,0.0647589489817619,0.136497601866722,0.948080360889435,778.474304199219,1,2.30739726982688,4453.35
"381",16052,"      Gera, krsfr. Stadt",12.1,96011,0,4.819,0.138018577098991,3.31792187690735,21.8724937767547,1.16729,6.7608699798584,0.0266480688005686,0.111838608980179,0.935822725296021,630.862731933594,1,3.09727167075578,1435.492
"382",16053,"      Jena, krsfr. Stadt",7.6,109527,0,7.182,0.0209266710422433,0.804121315479279,14.6082701069143,1.12839,4.17942523956299,0.0533956252038479,0.153822153806686,0.989229917526245,954.400512695312,1,1.46263600234543,2322.974
"383",16054,"      Suhl, krsfr. Stadt",7.8,36778,0,7.85,0.319785434289251,5.21177005767822,40.7852520528577,0.22095,0,0.0240800864994526,0.12031926214695,0.96600204706192,356.963989257812,1,2.63802796597953,614.106
"384",16055,"      Weimar, krsfr. Stadt",9.3,64131,0,7.034,0.169519998778234,2.86014270782471,20.2710077809484,1.23982,0,0.0166178066283464,0.0427155680954456,0.935796439647675,759.126403808594,1,2.13270142180095,988.18
"385",16056,"      Eisenach, krsfr. Stadt",8.8,42417,0,5.526,0.138011695906433,1.61488890647888,11.7877266190443,1.27972,0,0.0432304255664349,0.216918542981148,0.963113784790039,407.190155029297,1,4.82255797610682,NA
"386",16061,"      Eichsfeld, Kreis",5.8,101325,0,2.586,0.124530633585246,1.41008853912354,20.7253886010363,1.06423,0,0.694416999816895,0.109351925551891,1.01049649715424,107.441650390625,1,2.69850546881523,1151.867
"387",16062,"      Nordhausen, Kreis",9.9,85355,0,3.375,0.151173260118049,0.87841796875,26.9462831702888,0.89354,0,0.0436761826276779,0.227061122655869,0.982096016407013,119.55989074707,1,3.15999321343739,1080.554
"388",16063,"      Wartburgkreis",6.2,125655,0,2.348,0.0696997549019608,1.20140075683594,31.0373642115316,0.8241,0,0.0906936824321747,0.369215101003647,1.00275731086731,96.1083984375,1,3.96161451347502,2408.298
"389",16064,"      Unstrut-Hainich-Kreis",10.8,105273,0,3.547,0.125967744901524,1.48462307453156,42.7460032486962,1.173,0,0.15997625887394,0.2701136469841,0.989812135696411,107.455421447754,1,3.17882166154696,1189.002
"390",16065,"      Kyffhäuserkreis",12,77110,1,2.359,0.0822600645802895,1.12264347076416,37.6086110750875,1.63452,0,0.0357762984931469,0.22761170566082,0.993639767169952,74.2949600219727,1,3.87799361052165,850.947
"391",16066,"      Schmalkalden-Meiningen, Kreis",5.9,124623,0,2.537,0.133864688956932,1.17065691947937,49.7500461391557,0.75166,0,0.0321026146411896,0.402728378772736,0.998604774475098,102.932113647461,1,3.22689358833937,1573.715
"392",16067,"      Gotha, Kreis",7.6,136831,0,4.818,0.176015529929884,3.01945447921753,32.887284314227,1.05702,4.71773147583008,0.0364043116569519,0.254764169454575,0.997824490070343,146.174468994141,1,3.30241187384045,1806.254
"393",16068,"      Sömmerda, Kreis",8.8,70600,0,2.088,0.0658644016630761,1.34290897846222,15.5807365439093,0.9612,0,0.0367216318845749,0.247297018766403,0.998528003692627,87.5018615722656,1,3.93408437809933,756.651
"394",16069,"      Hildburghausen, Kreis",5.3,64524,0,1.936,0.125360037011059,0.08096993714571,52.6935713842911,0.95867,0,0.0227063838392496,0.402175724506378,1.00055813789368,68.7581253051758,1,3.27524612070141,667.276
"395",16070,"      Ilm-Kreis",8.2,109620,0,4.399,0.11125945705385,1.61751353740692,38.3141762452107,1.02388,7.0766282081604,0.036489337682724,0.221717819571495,1.00979042053223,129.926162719727,1,3.02363590646216,1364.163
"396",16071,"      Weimarer Land, Kreis",6.8,82127,0,2.836,0.168845122973563,1.3541773557663,18.2643953876314,0.92846,0,0.0326101407408714,0.231646969914436,0.986478984355927,102.087059020996,1,3.34902971049686,870.289
"397",16072,"      Sonneberg, Kreis",4.6,56818,0,2.783,0.133435633986056,-0.107549421489239,22.8800732162343,1.2674,0,0.0237008631229401,0.310893565416336,0.965612649917603,131.034805297852,1,3.76083951237904,729.428
"398",16073,"      Saalfeld-Rudolstadt, Kreis",8.4,109278,0,2.214,0.100155797907857,0.42489218711853,38.4340855432932,0.94486,0,0.0340346246957779,0.261391222476959,0.968653738498688,105.477638244629,1,4.01572460022866,1308.544
"399",16074,"      Saale-Holzland-Kreis",7,86184,0,5.505,0.286836618322985,3.5996675491333,12.7633899563724,9.08225,5.7930121421814,0.0258484464138746,0.232895448803902,1.01073217391968,105.714813232422,1,3.57786048745348,913.055
"400",16075,"      Saale-Orla-Kreis",7.2,82951,0,2.705,0.140092711762093,1.16056334972382,25.3161504984871,1.25231,0,0.0302542950958014,0.348075896501541,0.97836822271347,72.0498580932617,1,3.1258294371057,1011.534
"401",16076,"      Greiz, Kreis",8.4,101114,0,2.043,0.0650829808005207,0.549810409545898,13.8457582530609,0.90746,5.40623712539673,0.029706072062254,0.265322983264923,0.971033155918121,119.522918701172,1,3.09761036857027,990.976
"402",16077,"      Altenburger Land, Kreis",11.5,92344,0,2.511,0.135613804270823,1.13057291507721,23.8239625747206,0.93415,6.62537384033203,0.0260603483766317,0.152888759970665,0.964180886745453,162.174880981445,1,3.76620388126103,927.54
