"","female","married","edu_high","inc_high","professional","attend_service","perceived_diversity","worried_corona","foreign_born","econ_bad","imm_contact","rally","age"
"1",1,1,1,0,0,2,72,4,0,3,0.6,72.7272727272727,52
"2",1,0,0,0,0,2,NA,2,0,2,0.4,9.09090909090909,65
"3",1,1,0,0,0,2,24,3,0,3,0.8,0,35
"4",1,0,1,0,1,1,16,2,1,3,0.8,0,61
"5",1,0,1,1,0,1,26,2,0,2,0.8,18.1818181818182,29
"6",1,0,1,0,0,NA,48,4,0,2,0.4,NA,57
"7",1,1,0,1,0,1,10,2,0,2,0.2,72.7272727272727,40
"8",1,0,0,0,0,1,42,3,0,2,0,NA,52
"9",0,1,0,0,0,3,15,4,0,3,0.2,63.6363636363636,59
"10",1,1,1,0,0,1,28,3,0,2,0.4,0,39
"11",1,0,0,0,0,5,61,3,0,2,0.2,81.8181818181818,58
"12",0,0,0,0,0,1,3,2,0,2,0.2,45.4545454545455,58
"13",0,1,1,0,0,NA,24,3,0,2,0.8,0,28
"14",1,1,0,0,0,1,18,3,0,2,0.4,9.09090909090909,52
"15",0,0,0,0,0,1,16,2,0,2,0.8,0,63
"16",1,1,0,1,0,1,5,2,0,2,0.4,0,42
"17",1,0,0,0,0,1,24,2,0,2,0.2,45.4545454545455,48
"18",0,1,1,1,0,1,20,2,0,2,0.6,0,57
"19",1,0,0,0,0,2,24,4,0,NA,0.2,63.6363636363636,59
"20",1,0,1,0,0,2,50,4,0,2,1,54.5454545454545,64
"21",1,1,0,0,0,1,31,2,0,2,1,9.09090909090909,42
"22",1,1,0,1,0,1,38,2,0,2,0.6,18.1818181818182,58
"23",1,1,1,1,0,2,39,3,0,2,0.2,63.6363636363636,76
"24",1,1,1,1,0,1,14,4,0,1,0.2,0,26
"25",1,0,1,1,0,1,40,3,0,2,0.2,0,49
"26",1,0,0,0,0,2,11,3,0,2,0.4,9.09090909090909,66
"27",0,1,1,1,0,3,25,4,0,2,0.6,45.4545454545455,70
"28",1,0,1,0,0,2,40,4,0,3,0,63.6363636363636,45
"29",1,1,0,0,0,2,NA,3,1,2,0.6,9.09090909090909,73
"30",1,0,1,0,0,3,32,4,0,2,0.8,18.1818181818182,76
"31",1,0,1,0,1,1,31,4,0,2,0.6,27.2727272727273,48
"32",0,1,1,0,0,1,3,3,0,2,0.6,0,68
"33",0,1,0,0,0,1,7,1,0,3,0.8,0,39
"34",0,1,0,0,0,1,40,2,0,3,0.4,9.09090909090909,66
"35",1,1,1,1,0,2,99,3,1,2,0.8,0,49
"36",1,1,0,0,0,2,62,2,0,NA,0.2,63.6363636363636,35
"37",1,0,1,0,0,1,12,2,0,2,0.8,0,37
"38",0,0,1,1,0,1,15,4,0,NA,0.8,9.09090909090909,41
"39",1,0,1,0,0,5,58,1,0,1,1,9.09090909090909,53
"40",1,1,1,1,0,2,15,4,0,3,0.8,0,31
"41",0,1,0,1,0,1,30,2,0,1,0.8,0,26
"42",1,1,1,1,0,2,15,4,0,2,0.2,0,44
"43",0,0,1,0,0,1,32,4,0,2,0,36.3636363636364,42
"44",0,1,1,0,0,1,5,2,0,3,0.4,81.8181818181818,44
"45",1,1,0,0,0,2,30,3,0,2,0.2,45.4545454545455,76
"46",0,0,1,0,1,1,NA,2,1,2,0.8,90.9090909090909,54
"47",1,1,0,1,0,2,20,2,0,2,0.8,27.2727272727273,58
"48",1,0,1,0,1,2,17,3,0,2,1,0,44
"49",1,0,1,1,0,2,10,3,0,2,0.6,0,53
"50",1,0,1,1,1,1,2,1,0,2,0,0,41
"51",1,0,1,1,1,1,37,1,0,3,0,NA,40
"52",1,1,1,1,0,3,21,2,0,2,0.6,0,36
"53",0,0,0,0,0,2,23,4,0,2,0.4,72.7272727272727,69
"54",0,0,1,0,1,1,15,3,0,2,0.4,0,44
"55",1,1,1,0,0,5,16,2,0,2,0.6,45.4545454545455,47
"56",0,0,1,0,0,1,20,3,0,3,0.2,0,64
"57",1,0,0,1,0,2,21,3,0,2,0.4,27.2727272727273,52
"58",0,1,1,1,0,1,31,3,0,2,0.2,0,53
"59",0,0,1,0,0,1,25,3,0,3,0.4,45.4545454545455,40
"60",0,1,1,1,0,1,10,3,0,3,0,0,35
"61",0,0,0,0,0,1,31,3,0,2,0.8,0,68
"62",1,0,1,0,0,1,16,4,0,2,0.6,0,56
"63",1,0,0,0,0,1,48,4,0,2,0.2,54.5454545454545,50
"64",1,1,1,1,1,2,30,2,0,2,0.6,18.1818181818182,37
"65",1,1,1,0,0,2,20,3,0,3,0.4,72.7272727272727,58
"66",1,0,1,0,0,1,25,2,0,2,0.2,72.7272727272727,47
"67",1,0,1,0,1,2,14,3,0,2,0.8,27.2727272727273,46
"68",1,0,0,0,0,3,40,3,0,3,0.4,18.1818181818182,57
"69",0,1,1,0,0,2,26,3,0,NA,0.8,0,50
"70",0,0,1,0,1,2,10,2,0,2,0.2,0,35
"71",0,0,1,1,0,3,5,2,1,3,0.6,36.3636363636364,68
"72",0,1,1,1,0,1,9,3,0,3,0.6,0,50
"73",1,1,1,0,0,3,53,3,0,2,0,27.2727272727273,42
"74",1,0,1,0,0,2,34,2,0,1,0.4,0,48
"75",1,0,1,1,1,1,16,3,0,3,0.4,0,46
"76",1,1,1,0,1,4,16,2,0,3,0.6,0,56
"77",1,1,1,0,0,1,73,4,1,3,0.6,NA,45
"78",1,1,1,1,1,3,8,2,0,2,0.6,0,37
"79",0,1,0,1,0,1,8,3,0,2,0.6,0,67
"80",0,1,0,0,0,2,NA,4,1,3,1,0,48
"81",0,1,1,0,0,2,20,3,0,3,0.4,36.3636363636364,68
"82",1,0,1,0,0,2,11,3,0,2,0.2,54.5454545454545,29
"83",1,0,1,0,0,1,24,1,0,2,0.6,0,23
"84",1,0,1,0,0,1,32,2,0,3,0.2,NA,21
"85",1,0,1,0,0,1,NA,3,0,3,0.6,9.09090909090909,73
"86",0,0,1,0,0,3,13,3,0,NA,0.6,45.4545454545455,23
"87",0,0,1,0,0,3,10,3,0,2,0.2,0,53
"88",1,1,1,0,0,1,12,3,0,2,0,0,48
"89",1,0,0,0,0,1,5,2,0,3,0,0,44
"90",0,1,1,1,0,1,25,2,1,3,1,45.4545454545455,34
"91",1,1,0,0,0,2,59,3,0,1,0,54.5454545454545,32
"92",1,1,1,0,0,1,20,2,0,3,0.8,18.1818181818182,52
"93",1,0,1,0,0,5,NA,4,0,3,0,72.7272727272727,51
"94",0,0,1,0,0,2,62,1,0,3,1,90.9090909090909,66
"95",1,1,1,0,0,1,39,4,0,3,0.2,NA,40
"96",0,1,1,0,1,2,35,3,0,3,0.2,45.4545454545455,57
"97",1,1,1,0,0,2,13,2,0,2,0.6,54.5454545454545,43
"98",0,1,0,0,0,2,40,4,0,2,0,63.6363636363636,50
"99",1,0,1,0,0,1,20,2,0,2,0.4,0,56
"100",0,0,1,0,0,1,4,3,0,2,0.2,0,72
"101",1,0,1,0,0,1,10,3,0,1,0.4,0,45
"102",1,0,1,0,0,2,24,3,0,2,0.6,0,49
"103",1,1,0,1,0,5,12,2,0,2,0.6,9.09090909090909,54
"104",0,0,1,1,0,1,15,2,0,2,0.2,0,35
"105",0,0,0,0,0,1,25,3,0,2,0.8,0,68
"106",1,1,1,0,0,1,45,3,0,3,0.6,27.2727272727273,43
"107",0,0,1,1,0,2,16,3,0,3,0.8,0,48
"108",1,1,1,1,0,1,25,3,0,3,0.4,9.09090909090909,19
"109",1,0,0,0,0,NA,45,3,0,3,0.2,18.1818181818182,38
"110",1,0,1,0,0,1,30,3,0,2,0.6,0,25
"111",1,0,1,0,0,1,20,3,0,2,0.4,0,35
"112",0,1,1,1,0,2,20,3,0,3,0.2,0,72
"113",1,0,0,0,0,1,42,2,0,3,0.8,45.4545454545455,45
"114",1,0,1,0,0,1,30,3,0,2,0.2,0,21
"115",0,1,1,1,0,1,20,2,0,2,0.8,36.3636363636364,73
"116",1,1,1,0,1,NA,26,4,0,3,0,45.4545454545455,53
"117",1,0,1,0,1,3,11,4,0,2,0.8,0,54
"118",1,1,0,1,0,1,23,3,0,2,0.8,0,52
"119",1,1,1,0,0,2,32,3,0,1,0.2,9.09090909090909,49
"120",1,0,0,0,0,3,NA,3,0,3,1,36.3636363636364,61
"121",0,1,1,0,0,1,16,4,0,3,0,9.09090909090909,87
"122",1,0,0,0,0,1,39,3,0,3,0.2,0,55
"123",0,0,0,0,0,1,22,1,0,3,0.8,36.3636363636364,41
"124",0,0,0,0,0,1,7,4,0,3,0.4,0,33
"125",1,0,1,0,0,1,16,2,0,2,0.8,18.1818181818182,40
"126",1,0,0,0,0,2,5,3,0,1,0,0,39
"127",1,0,0,0,0,1,14,2,0,NA,0.4,63.6363636363636,31
"128",1,1,1,0,0,1,68,2,0,2,0.8,0,51
"129",1,0,1,1,0,2,30,3,0,3,0.2,27.2727272727273,50
"130",0,1,1,0,0,1,3,3,0,2,0.6,9.09090909090909,38
"131",1,0,0,0,0,1,34,4,0,2,0,54.5454545454545,21
"132",1,1,1,1,0,1,3,4,0,3,0,27.2727272727273,41
"133",0,0,1,0,0,3,NA,3,0,2,0.2,63.6363636363636,59
"134",0,1,1,1,0,2,25,3,0,2,0.4,0,60
"135",1,1,0,0,0,1,30,4,0,2,0.6,9.09090909090909,49
"136",1,0,0,0,0,1,38,4,0,3,0,54.5454545454545,19
"137",0,0,1,0,1,1,9,3,0,2,0.2,0,29
"138",1,0,1,0,0,3,14,4,0,3,0.2,63.6363636363636,46
"139",1,0,0,0,0,1,30,4,0,3,0.4,81.8181818181818,52
"140",1,1,1,1,0,2,30,4,0,2,0.4,63.6363636363636,72
"141",0,1,1,0,1,1,18,3,0,1,0.8,0,42
"142",1,0,1,0,1,1,13,2,0,2,0.4,9.09090909090909,66
"143",0,1,0,1,0,2,21,3,0,1,0.2,9.09090909090909,71
"144",1,0,1,0,0,1,42,1,0,1,0.8,0,21
"145",0,0,1,1,0,1,8,3,0,2,0.2,36.3636363636364,55
"146",0,1,1,1,0,1,14,2,0,3,0.4,9.09090909090909,66
"147",0,1,1,1,1,2,9,3,0,3,0.4,0,33
"148",1,0,1,0,0,2,44,3,0,2,0.2,36.3636363636364,54
"149",1,0,0,0,0,1,NA,4,0,3,0,27.2727272727273,63
"150",0,1,1,1,1,2,35,3,0,2,1,27.2727272727273,36
"151",0,1,0,1,0,1,20,2,0,2,0.6,0,67
"152",1,1,1,0,1,1,10,2,0,2,0.2,45.4545454545455,38
"153",0,1,1,0,0,1,16,3,0,2,0.4,9.09090909090909,79
"154",0,1,1,0,0,1,16,2,0,2,0.2,18.1818181818182,30
"155",0,0,1,0,0,1,50,1,0,3,0.2,81.8181818181818,70
"156",1,1,0,0,0,2,42,2,0,2,0,0,81
"157",1,1,0,0,0,NA,NA,4,0,3,0.6,27.2727272727273,55
"158",0,0,1,1,0,1,34,3,0,NA,0.8,0,26
"159",1,1,1,1,0,1,6,4,0,3,0.8,0,43
"160",0,1,0,0,0,2,30,2,0,2,0.2,27.2727272727273,70
"161",1,0,1,0,0,1,50,4,0,3,0,0,44
"162",1,1,1,1,0,2,2,1,0,2,0,36.3636363636364,43
"163",0,1,0,0,0,5,44,3,0,2,0.8,27.2727272727273,69
"164",1,0,0,0,0,1,30,4,0,3,0,9.09090909090909,44
"165",0,1,0,0,0,2,33,2,0,2,0,0,72
"166",1,0,1,0,0,1,27,2,0,2,0,0,59
"167",0,1,0,0,0,2,23,2,0,2,0.2,9.09090909090909,66
"168",1,0,0,0,0,1,25,4,0,2,1,72.7272727272727,69
"169",0,1,1,1,0,1,20,3,0,2,0.8,45.4545454545455,38
"170",0,1,0,1,0,1,32,2,0,2,0.2,36.3636363636364,62
"171",0,0,1,0,0,1,30,4,0,2,0.4,63.6363636363636,36
"172",1,1,1,0,0,2,16,3,0,2,0.6,18.1818181818182,43
"173",0,0,0,0,0,1,38,3,0,2,0.2,9.09090909090909,33
"174",0,1,1,0,1,1,25,2,0,2,0.8,0,61
"175",1,1,1,0,1,1,35,1,0,3,1,18.1818181818182,52
"176",1,0,1,0,1,1,31,2,0,2,0.8,0,42
"177",1,0,1,1,0,2,61,4,0,3,0.2,81.8181818181818,36
"178",1,1,0,0,0,2,8,2,0,2,0.8,0,67
"179",1,0,1,0,0,1,35,1,0,3,0,72.7272727272727,29
"180",0,1,0,0,0,2,46,3,0,2,0,9.09090909090909,70
"181",1,1,0,0,0,1,20,2,0,2,0.2,0,64
"182",1,0,1,0,1,1,25,2,0,2,0.4,27.2727272727273,29
"183",1,1,0,0,0,2,6,3,0,2,0,18.1818181818182,59
"184",1,1,1,1,0,2,26,3,0,2,0.2,0,70
"185",1,1,1,0,0,3,22,4,0,3,0,36.3636363636364,55
"186",1,1,1,1,1,2,9,2,0,2,0.4,0,44
"187",1,0,1,1,0,3,48,2,0,2,1,0,57
"188",1,1,1,0,0,3,36,4,0,3,0.2,18.1818181818182,55
"189",1,1,1,0,0,2,24,3,0,3,0.4,27.2727272727273,55
"190",1,0,0,0,0,1,40,3,0,3,0.4,27.2727272727273,45
"191",1,0,1,0,0,2,30,3,0,2,0.4,36.3636363636364,79
"192",1,1,0,0,0,2,59,3,0,NA,0.8,36.3636363636364,43
"193",0,1,0,1,0,2,5,3,0,2,0.6,9.09090909090909,71
"194",1,0,0,0,0,2,17,4,0,3,0.2,0,69
"195",1,1,0,0,0,2,37,3,0,NA,0.2,63.6363636363636,69
"196",0,1,1,1,1,2,34,4,0,3,0.4,54.5454545454545,49
"197",0,0,0,0,0,3,45,3,0,2,0,72.7272727272727,70
"198",1,0,1,0,0,1,49,3,0,3,0.4,0,43
"199",0,1,0,0,0,2,44,3,0,3,0,63.6363636363636,75
"200",0,0,1,0,0,2,15,1,0,1,0,0,75
"201",1,0,1,0,0,1,10,2,0,2,0.8,45.4545454545455,28
"202",0,1,0,0,0,2,5,3,0,3,0.4,0,47
"203",1,1,1,1,0,3,81,3,0,3,1,45.4545454545455,27
"204",1,1,0,0,0,3,86,4,0,3,0.8,0,29
"205",0,1,1,0,0,2,NA,4,0,3,0.8,45.4545454545455,76
"206",0,0,1,0,0,1,0,4,0,2,0.2,NA,33
"207",0,1,1,1,0,1,12,3,0,2,0.6,9.09090909090909,65
"208",1,0,0,0,0,1,88,4,0,2,0,9.09090909090909,67
"209",1,0,1,0,0,1,29,2,0,2,0.6,0,46
"210",1,0,0,0,0,1,35,2,0,2,0.2,72.7272727272727,62
"211",1,0,0,0,0,1,36,4,0,3,0.2,45.4545454545455,65
"212",0,0,0,0,0,1,35,4,0,1,0.6,9.09090909090909,71
"213",0,0,1,0,0,NA,12,2,0,3,0.6,NA,79
"214",0,0,1,0,1,1,7,2,0,3,0.6,0,28
"215",1,1,1,1,0,1,36,3,0,2,0.6,36.3636363636364,39
"216",1,1,0,0,0,1,5,4,0,2,0.4,0,64
"217",0,1,1,1,0,2,25,3,0,2,0.6,0,71
"218",1,1,1,0,0,2,25,3,0,3,1,0,46
"219",0,1,1,1,0,2,46,3,0,3,0,9.09090909090909,49
"220",0,1,1,0,0,3,45,4,0,3,0.4,63.6363636363636,47
"221",0,0,0,0,0,3,NA,4,0,3,0.2,45.4545454545455,47
"222",0,1,0,1,0,1,3,3,0,2,0.4,18.1818181818182,62
"223",1,1,0,1,0,1,47,1,0,3,1,9.09090909090909,50
"224",0,1,0,0,0,1,6,4,0,2,0.2,9.09090909090909,77
"225",0,0,1,0,0,2,32,4,0,2,0.8,81.8181818181818,64
"226",1,1,1,1,0,3,10,4,0,2,0.4,0,71
"227",0,0,1,0,0,5,7,3,0,3,0.6,0,65
"228",1,1,0,0,0,2,21,4,0,3,0.4,0,65
"229",0,0,0,1,0,2,15,3,0,2,0.2,18.1818181818182,20
"230",1,1,1,1,0,4,30,2,0,1,0,9.09090909090909,75
"231",0,0,0,0,0,2,27,2,0,2,0.2,81.8181818181818,67
"232",1,0,0,0,0,1,33,3,0,2,0.2,0,75
"233",0,1,1,1,0,2,10,4,0,3,0.4,0,74
"234",0,1,1,0,0,2,31,4,0,3,0,0,40
"235",1,1,1,1,1,2,38,2,0,2,0.6,0,43
"236",1,0,0,0,0,1,NA,2,0,2,0.4,90.9090909090909,64
"237",1,1,1,0,0,2,28,3,0,3,0.6,9.09090909090909,47
"238",1,1,0,0,0,1,43,4,0,3,0,0,51
"239",1,0,1,0,1,3,50,4,0,3,0.8,0,29
"240",0,1,1,0,0,3,23,2,0,2,0.8,18.1818181818182,43
"241",1,1,0,0,0,1,43,3,0,2,0.2,63.6363636363636,55
"242",0,1,1,0,0,3,41,3,0,2,0.6,72.7272727272727,31
"243",1,1,1,1,0,2,20,2,0,2,0.8,72.7272727272727,64
"244",0,0,1,0,1,1,20,3,0,2,0.8,0,53
"245",0,1,0,0,0,2,NA,3,0,2,0,18.1818181818182,68
"246",1,0,0,0,0,1,25,1,0,2,0.4,0,36
"247",1,1,0,1,0,1,30,2,0,NA,0,0,59
"248",0,1,0,0,0,1,30,4,0,3,0.4,9.09090909090909,66
"249",1,1,0,1,0,1,0,4,0,2,0,0,55
"250",0,1,0,0,0,1,41,4,0,3,0.2,90.9090909090909,44
"251",0,0,0,0,0,2,36,3,0,3,0.2,27.2727272727273,70
"252",1,1,0,0,0,2,23,3,0,2,0.4,18.1818181818182,59
"253",0,1,0,0,0,1,31,2,0,3,0.4,63.6363636363636,57
"254",0,1,1,0,0,1,8,3,0,2,0,36.3636363636364,36
"255",0,1,1,0,0,4,22,3,0,2,0.2,18.1818181818182,73
"256",0,0,1,0,0,2,10,3,0,2,0,18.1818181818182,46
"257",0,0,0,0,0,2,23,3,0,1,0.6,0,70
"258",1,1,0,0,0,2,NA,4,0,3,0.2,18.1818181818182,71
"259",0,0,0,0,0,2,42,2,0,2,0.6,27.2727272727273,19
"260",1,1,0,0,0,3,33,2,0,2,0.2,45.4545454545455,57
"261",0,0,0,0,0,2,68,3,0,2,0.4,27.2727272727273,72
"262",0,1,1,1,1,5,69,2,0,2,0.6,63.6363636363636,25
"263",1,1,1,0,1,1,29,3,0,3,0.6,81.8181818181818,40
"264",0,1,0,1,0,2,92,3,0,2,0.4,27.2727272727273,64
"265",0,1,0,1,0,1,25,3,0,3,0.8,0,35
"266",1,0,1,0,0,2,16,4,0,3,0.6,0,75
"267",0,1,1,0,0,1,21,3,0,3,0.6,9.09090909090909,69
"268",1,1,1,0,0,2,2,4,0,3,0.6,0,49
"269",1,0,0,0,0,1,40,2,0,2,0.8,9.09090909090909,48
"270",1,0,1,0,1,1,39,3,0,3,0.2,9.09090909090909,50
"271",1,0,0,1,0,1,35,4,0,3,0.8,0,40
"272",1,1,1,0,0,3,21,4,0,2,1,90.9090909090909,58
"273",1,1,0,0,0,1,87,3,0,2,0,18.1818181818182,67
"274",1,1,1,1,0,1,25,2,0,3,0,36.3636363636364,55
"275",1,1,1,1,0,2,34,4,0,2,0.6,81.8181818181818,65
"276",0,1,0,1,0,3,20,3,0,2,0.6,0,77
"277",0,0,0,0,0,1,12,3,0,3,0.2,0,22
"278",0,0,1,0,0,1,15,2,0,2,0.2,18.1818181818182,34
"279",1,0,1,0,1,1,14,3,0,2,0.4,0,42
"280",1,0,1,0,0,1,NA,3,0,2,0.4,0,48
"281",1,1,0,1,0,2,40,3,0,1,0.2,63.6363636363636,57
"282",1,1,1,1,0,1,23,2,0,3,0.6,0,46
"283",1,0,1,1,0,2,25,4,0,2,0,0,40
"284",0,1,1,1,0,1,1,3,0,3,0,0,33
"285",0,0,1,0,0,1,32,4,0,2,0.4,9.09090909090909,30
"286",0,0,0,1,0,1,18,2,0,2,0.2,45.4545454545455,33
"287",1,1,0,0,0,1,29,2,0,3,0,63.6363636363636,56
"288",0,1,1,1,1,3,18,3,0,3,0.4,54.5454545454545,65
"289",1,0,1,1,1,1,29,4,0,3,0.8,0,36
"290",1,0,0,0,0,1,35,2,0,2,0.6,0,63
"291",0,1,0,0,0,1,45,4,0,3,0.2,9.09090909090909,68
"292",1,1,1,0,0,2,25,4,1,2,0.8,18.1818181818182,75
"293",0,1,0,0,0,2,20,2,0,2,0.2,18.1818181818182,72
"294",0,0,1,0,0,1,14,3,0,3,0.6,0,76
"295",1,1,1,1,0,3,16,1,0,1,1,0,48
"296",0,0,1,0,0,1,22,2,0,2,1,0,29
"297",1,0,0,1,0,1,28,2,0,2,0.4,81.8181818181818,38
"298",1,0,0,0,0,1,9,2,0,2,0.4,63.6363636363636,28
"299",0,1,0,0,0,3,20,3,0,2,0.2,45.4545454545455,74
"300",1,1,1,1,0,3,12,2,0,3,0.2,0,60
"301",0,1,0,1,0,5,19,4,1,3,1,27.2727272727273,28
"302",1,0,1,0,0,1,30,3,0,2,0,0,48
"303",1,0,1,1,1,2,36,2,0,2,0.4,9.09090909090909,51
"304",1,0,1,1,0,3,12,3,0,1,0.2,72.7272727272727,46
"305",0,0,0,0,0,2,5,3,0,2,0.4,0,69
"306",1,1,0,0,0,2,20,3,0,2,0,9.09090909090909,76
"307",0,1,0,1,0,3,18,2,0,2,0.2,0,66
"308",0,1,0,0,0,2,11,1,0,2,0,90.9090909090909,36
"309",0,0,1,0,0,2,15,4,0,2,0.6,0,50
"310",1,1,0,0,0,1,35,2,0,3,0,90.9090909090909,54
"311",0,1,0,0,0,2,32,4,0,2,0.2,72.7272727272727,54
"312",0,1,1,1,0,1,19,2,0,3,0.6,0,64
"313",0,1,1,1,0,2,61,3,0,3,0.6,81.8181818181818,73
"314",1,0,0,1,0,2,35,2,0,1,0.4,18.1818181818182,72
"315",0,0,0,0,0,1,32,2,0,1,0.2,0,69
"316",1,1,1,1,1,1,NA,3,0,2,0.6,72.7272727272727,31
"317",0,0,1,0,0,1,14,1,0,2,0.2,0,56
"318",0,1,1,1,0,3,21,3,0,NA,0.4,0,71
"319",0,1,0,0,0,2,30,3,0,2,0,63.6363636363636,71
"320",1,1,0,0,0,2,56,3,0,2,0.4,0,69
"321",1,0,1,0,1,1,42,3,0,3,0.8,9.09090909090909,67
"322",0,1,1,1,0,1,38,2,0,2,0.2,9.09090909090909,67
"323",0,1,1,1,0,1,23,3,0,2,0,0,71
"324",1,1,1,0,0,3,20,3,0,1,0.6,0,43
"325",1,0,1,0,0,1,NA,3,0,1,0.2,0,32
"326",1,0,1,1,1,1,16,2,0,2,0.8,9.09090909090909,60
"327",0,1,1,1,0,1,46,3,0,2,0.4,9.09090909090909,74
"328",1,0,0,0,0,2,25,3,0,3,0.2,9.09090909090909,68
"329",0,0,1,1,0,2,13,3,0,3,0,9.09090909090909,31
"330",0,1,1,1,1,3,10,2,0,NA,0.8,9.09090909090909,65
"331",0,1,1,1,1,1,14,3,0,3,0.6,81.8181818181818,35
"332",0,0,1,1,0,4,35,4,1,2,0.8,36.3636363636364,74
"333",1,1,1,1,0,2,47,4,0,2,0.4,18.1818181818182,65
"334",1,1,0,0,0,2,34,3,0,2,0,18.1818181818182,49
"335",1,0,0,1,0,1,9,1,0,1,0.8,9.09090909090909,22
"336",1,1,1,0,0,2,37,3,0,3,0.2,NA,55
"337",1,1,1,1,0,4,20,3,0,2,0.6,45.4545454545455,69
"338",1,0,1,0,0,1,40,3,0,3,0.4,0,53
"339",0,0,1,0,0,2,10,1,0,2,0.2,27.2727272727273,27
"340",0,1,0,0,0,2,28,4,0,1,0.2,0,59
"341",0,1,0,1,0,5,14,2,0,2,0,0,66
"342",1,0,1,0,0,1,62,2,0,3,0.2,81.8181818181818,73
"343",1,0,1,0,0,1,40,4,0,2,0.6,0,41
"344",0,0,1,0,1,1,32,2,0,1,0.6,72.7272727272727,40
"345",1,0,0,0,0,3,35,3,0,3,0.2,0,69
"346",0,1,0,0,0,3,23,4,0,2,0.6,9.09090909090909,53
"347",1,1,0,0,0,2,16,3,0,3,0,63.6363636363636,61
"348",0,0,0,0,0,2,23,3,0,2,0.2,36.3636363636364,64
"349",1,0,0,0,0,1,NA,4,0,3,0.6,45.4545454545455,50
"350",1,0,1,0,0,1,19,2,0,3,0.4,45.4545454545455,42
"351",1,0,1,1,0,2,17,2,0,2,0.2,72.7272727272727,72
"352",1,1,0,0,0,2,34,4,0,3,0.4,45.4545454545455,60
"353",1,0,1,0,0,1,27,2,0,2,0.6,0,56
"354",1,1,1,0,0,5,NA,4,0,3,0,9.09090909090909,76
"355",1,1,0,0,0,3,64,3,0,3,0.2,18.1818181818182,66
"356",1,0,1,0,0,2,19,2,0,2,0.8,0,23
"357",0,1,1,1,1,2,6,2,0,2,1,18.1818181818182,52
"358",0,1,1,0,0,1,NA,3,0,2,0.6,0,35
"359",1,0,1,0,0,1,27,2,1,3,0.2,9.09090909090909,58
"360",1,1,0,0,0,1,56,4,0,3,0.4,72.7272727272727,49
"361",0,0,1,0,0,1,32,3,0,2,0,63.6363636363636,75
"362",0,1,1,1,0,1,8,3,0,2,0.6,0,76
"363",0,1,0,0,0,1,40,3,0,2,0.2,0,74
"364",1,1,1,0,0,1,17,3,0,3,1,45.4545454545455,67
"365",0,1,1,0,0,1,34,3,0,2,0.2,90.9090909090909,71
"366",1,1,0,0,0,3,33,4,0,2,0,81.8181818181818,75
"367",0,0,1,0,0,1,14,2,0,3,0.2,18.1818181818182,62
"368",1,0,0,0,0,3,40,2,0,1,0.4,36.3636363636364,49
"369",1,0,1,0,0,1,15,3,0,2,0.8,9.09090909090909,68
"370",1,1,1,0,0,5,3,4,0,2,0.8,63.6363636363636,64
"371",1,1,1,0,0,1,30,3,0,3,0.4,9.09090909090909,63
"372",0,1,1,0,0,5,61,3,0,3,0.6,63.6363636363636,30
"373",1,1,0,0,0,2,38,4,0,2,0,45.4545454545455,47
"374",1,1,1,1,0,2,7,4,0,2,0.2,45.4545454545455,42
"375",1,0,1,0,1,1,16,3,0,1,0.2,0,43
"376",0,1,1,1,0,2,10,3,0,3,0.4,45.4545454545455,73
"377",1,0,0,0,0,2,42,3,0,2,0.8,NA,32
"378",1,0,0,1,0,3,10,3,0,2,0.4,0,33
"379",0,0,1,1,1,1,96,1,0,1,0.2,0,47
"380",0,1,0,0,0,1,16,3,0,3,0.4,45.4545454545455,56
"381",0,1,1,0,0,2,20,3,0,2,0.8,63.6363636363636,65
"382",0,0,1,1,0,1,45,3,0,1,0.4,54.5454545454545,32
"383",0,0,1,0,0,1,25,2,0,2,0,63.6363636363636,48
"384",1,1,1,1,1,1,40,4,1,2,1,45.4545454545455,37
"385",1,1,1,0,0,3,12,2,0,2,0.6,27.2727272727273,56
"386",1,1,1,1,0,4,87,3,0,NA,0.8,72.7272727272727,35
"387",0,0,1,0,0,2,36,3,1,2,0.4,18.1818181818182,74
"388",1,0,1,0,0,1,NA,3,0,3,0,18.1818181818182,46
"389",1,0,1,0,0,1,15,2,0,1,0.6,0,40
"390",0,1,1,0,0,1,20,3,0,1,0.8,72.7272727272727,44
"391",0,0,1,0,0,1,9,3,0,3,0.2,0,39
"392",1,0,1,0,0,2,11,3,0,2,0.6,0,70
"393",1,1,1,0,1,2,5,2,0,3,0.2,9.09090909090909,45
"394",1,1,1,1,0,3,35,3,0,3,0,27.2727272727273,79
"395",1,1,0,0,0,1,NA,3,0,3,0,45.4545454545455,40
"396",1,1,0,0,0,2,31,3,0,3,0,45.4545454545455,64
"397",1,0,1,0,0,1,20,3,0,2,0.8,0,59
"398",0,1,0,0,0,2,38,3,0,3,0.4,0,62
"399",0,1,1,1,0,5,20,3,1,2,0.6,18.1818181818182,56
"400",0,1,1,0,0,2,30,3,0,3,0.4,27.2727272727273,76
"401",0,1,0,0,0,1,15,3,0,2,0.4,36.3636363636364,49
"402",1,0,0,0,0,5,64,3,0,2,0.2,45.4545454545455,79
"403",0,1,1,1,0,2,8,3,0,2,0.4,0,74
"404",1,0,0,0,0,NA,37,2,0,2,0.6,45.4545454545455,74
"405",1,0,1,0,0,3,NA,2,0,2,0.2,90.9090909090909,54
"406",0,1,0,0,0,2,37,2,0,3,0.6,63.6363636363636,47
"407",1,1,1,1,0,2,30,2,0,2,0.4,0,77
"408",0,0,0,0,0,1,13,2,0,2,0.2,27.2727272727273,33
"409",0,1,1,0,0,1,8,3,0,2,0.4,0,44
"410",0,1,0,0,0,2,12,3,0,3,0.4,0,75
"411",1,1,1,0,0,2,25,3,0,2,0.2,45.4545454545455,32
"412",0,0,1,0,0,2,30,3,0,2,0.2,0,26
"413",0,0,1,0,0,4,13,2,0,2,0.2,0,23
"414",1,0,1,0,0,1,10,3,0,3,0.6,0,66
"415",1,1,1,0,0,1,13,2,1,3,0.8,54.5454545454545,52
"416",1,0,1,0,0,1,35,4,0,3,0,0,47
"417",0,1,1,1,1,2,36,3,0,2,0.4,0,51
"418",1,1,0,0,0,1,45,4,0,2,0.4,63.6363636363636,61
"419",1,1,0,0,0,2,NA,2,0,3,0,45.4545454545455,58
"420",1,1,1,0,0,2,50,3,0,3,0.6,27.2727272727273,56
"421",1,0,0,0,0,1,20,2,0,2,0,0,53
"422",0,1,1,0,1,3,26,1,0,2,1,72.7272727272727,72
"423",0,0,1,0,0,1,10,3,0,2,0,18.1818181818182,45
"424",1,1,1,1,0,1,20,3,0,2,0.8,0,72
"425",1,1,1,1,0,1,12,3,0,3,0.2,81.8181818181818,50
"426",1,0,1,1,0,2,29,3,0,1,0.4,9.09090909090909,27
"427",1,0,1,0,0,1,25,3,0,1,0.4,0,72
"428",1,0,0,0,0,2,30,3,0,2,0.4,0,49
"429",1,0,0,0,0,1,48,3,0,3,0,36.3636363636364,36
"430",0,0,0,0,0,2,21,3,0,2,0.8,9.09090909090909,61
"431",0,1,0,1,0,1,29,2,0,2,0.2,0,59
"432",0,0,0,0,0,2,19,3,1,NA,0,90.9090909090909,70
"433",1,1,0,0,0,2,43,3,0,2,0.4,NA,55
"434",1,1,1,1,0,1,26,2,0,2,0.2,0,63
"435",1,1,1,0,0,1,30,2,0,2,0,0,51
"436",0,1,0,1,1,1,28,4,0,3,0.6,45.4545454545455,48
"437",0,1,1,1,0,1,10,3,0,2,0.6,9.09090909090909,32
"438",1,1,1,1,0,2,30,3,0,2,0.2,18.1818181818182,60
"439",0,0,0,0,0,2,43,4,1,3,0.4,45.4545454545455,68
"440",1,1,0,0,0,1,NA,3,0,NA,0.6,27.2727272727273,49
"441",1,0,1,0,0,2,25,3,0,2,0.2,0,73
"442",1,0,0,0,0,2,48,3,0,2,0.4,81.8181818181818,60
"443",1,0,1,0,1,1,20,3,0,2,1,0,36
"444",1,0,1,0,0,2,NA,3,0,2,0.2,27.2727272727273,42
"445",1,1,1,0,0,2,NA,3,0,2,0.4,45.4545454545455,53
"446",0,0,1,0,0,1,23,2,0,2,0.4,27.2727272727273,63
"447",0,0,1,0,1,4,87,3,0,3,1,72.7272727272727,32
"448",0,0,1,1,0,1,35,4,0,2,0.2,0,82
"449",1,0,0,0,0,1,20,4,0,2,0.6,0,28
"450",1,0,0,0,0,2,16,2,0,2,0.2,63.6363636363636,33
"451",0,0,0,0,0,1,9,1,0,2,0.8,45.4545454545455,45
"452",1,0,0,0,0,1,30,3,0,3,0.8,9.09090909090909,56
"453",0,1,1,0,0,2,12,2,0,2,0.4,0,30
"454",1,0,0,0,0,2,NA,2,0,3,0,72.7272727272727,56
"455",1,1,0,0,0,1,20,4,1,3,0,27.2727272727273,58
"456",1,0,1,0,0,1,12,2,0,2,0.4,9.09090909090909,39
"457",0,1,0,1,0,2,10,2,0,3,0.2,0,46
"458",1,0,1,0,0,1,10,3,0,1,0.6,45.4545454545455,53
"459",0,0,0,1,0,1,16,3,0,2,0.2,36.3636363636364,58
"460",1,0,1,0,0,1,11,3,0,3,0.8,0,60
"461",0,0,1,0,0,1,13,3,0,3,0.4,9.09090909090909,44
"462",1,1,1,1,0,1,22,3,0,2,0.4,0,51
"463",1,1,1,1,0,4,17,2,0,2,0.2,72.7272727272727,75
"464",0,0,0,0,0,1,15,2,0,2,0.6,0,68
"465",1,0,0,0,0,5,34,2,0,NA,0.2,9.09090909090909,44
"466",1,1,1,0,0,2,25,3,0,2,0,72.7272727272727,37
"467",1,1,1,1,0,2,45,2,0,2,0.2,0,74
"468",1,1,1,0,0,1,21,2,0,2,0.4,9.09090909090909,52
"469",1,0,1,0,1,1,29,3,0,2,0.6,0,57
"470",1,0,1,0,1,2,13,2,0,2,0,0,47
"471",0,1,1,1,0,1,32,3,0,3,0.4,54.5454545454545,34
"472",1,1,0,0,0,2,40,4,0,2,0,54.5454545454545,68
"473",1,0,1,0,0,1,NA,4,0,2,0.6,0,46
"474",1,0,0,0,0,2,29,4,0,2,0.4,0,44
"475",0,1,1,1,1,1,6,2,0,2,0.2,9.09090909090909,31
"476",0,1,1,0,0,1,38,3,0,3,0.6,18.1818181818182,50
"477",0,1,0,0,0,5,NA,3,0,3,0.4,0,72
"478",1,0,1,0,1,1,16,2,0,2,0,9.09090909090909,36
"479",1,1,0,0,0,1,30,3,0,2,0,81.8181818181818,61
"480",0,0,1,0,1,NA,8,3,0,3,0.8,9.09090909090909,57
"481",1,1,1,0,0,1,NA,4,0,1,1,0,23
"482",0,1,1,1,1,2,10,3,0,2,0.4,54.5454545454545,52
"483",0,1,0,1,0,2,5,3,0,2,0,0,50
"484",1,1,1,0,0,2,30,3,0,3,0.2,36.3636363636364,58
"485",0,1,1,0,1,4,53,3,0,1,0.8,36.3636363636364,35
"486",1,1,1,0,0,2,15,3,0,2,0.4,9.09090909090909,69
"487",1,1,1,0,1,1,69,3,0,1,0.6,9.09090909090909,45
"488",1,0,1,0,0,1,11,2,0,2,0.2,0,68
"489",1,0,1,0,0,3,30,2,0,3,0.8,18.1818181818182,72
"490",0,0,0,0,0,1,NA,2,0,2,0,0,39
"491",0,0,1,0,0,2,45,2,0,1,0.4,0,28
"492",0,1,0,1,0,2,23,2,0,2,0.8,72.7272727272727,46
"493",0,1,0,0,0,2,25,2,0,3,0.6,0,78
"494",1,1,1,1,1,2,9,3,0,2,0.6,0,37
"495",1,0,0,0,0,2,29,3,0,3,0,63.6363636363636,69
"496",1,0,0,0,0,1,30,3,0,NA,0,0,55
"497",0,1,0,1,0,2,24,2,1,3,0,0,61
"498",1,0,1,0,0,3,28,4,0,3,0.4,9.09090909090909,79
"499",1,1,1,0,0,2,4,2,0,3,0.4,9.09090909090909,33
"500",0,1,1,1,0,5,53,3,0,1,1,54.5454545454545,35
"501",0,0,1,0,1,2,10,4,0,3,0.4,9.09090909090909,52
"502",0,1,1,1,0,1,29,2,0,2,0.8,0,71
"503",1,0,0,0,0,5,47,3,0,2,0.2,18.1818181818182,61
"504",1,1,1,0,0,1,35,2,0,2,1,0,42
"505",0,1,0,1,0,2,20,2,0,2,0.4,54.5454545454545,48
"506",0,0,1,0,1,1,14,2,0,1,1,36.3636363636364,29
"507",1,1,1,0,0,2,10,3,0,2,0.6,0,69
"508",1,0,1,0,0,2,5,3,0,1,0.6,36.3636363636364,21
"509",1,0,1,0,0,3,34,4,0,2,0.4,81.8181818181818,71
"510",1,0,0,0,0,1,81,3,0,1,0.4,90.9090909090909,35
"511",1,0,1,0,0,2,30,3,0,3,0.4,0,45
"512",0,1,0,1,0,3,NA,3,0,2,0.2,72.7272727272727,57
"513",0,1,1,1,1,1,21,3,0,2,0.4,0,49
"514",1,1,1,0,0,2,10,3,0,2,0.4,90.9090909090909,32
"515",0,0,1,0,0,1,3,2,0,2,0.8,0,43
"516",0,1,0,0,0,1,30,4,0,3,0.6,18.1818181818182,36
"517",0,0,1,0,0,3,20,2,0,2,0.8,27.2727272727273,30
"518",1,1,1,1,1,3,22,2,0,2,0.4,0,41
"519",1,0,0,0,0,1,20,2,0,3,0.4,0,32
"520",1,1,1,0,0,2,42,4,0,3,0.4,0,56
"521",0,1,0,0,0,1,NA,4,0,3,0.4,72.7272727272727,66
"522",0,0,0,0,0,1,72,3,0,NA,0.2,90.9090909090909,33
"523",1,1,1,0,1,1,39,2,0,2,0.4,54.5454545454545,45
"524",1,0,1,0,0,1,25,4,0,3,0.8,0,50
"525",1,0,1,0,0,1,30,3,0,3,0.2,63.6363636363636,51
"526",1,1,1,0,0,1,29,2,0,3,0.4,9.09090909090909,48
"527",0,0,1,1,1,2,19,2,0,2,0.6,54.5454545454545,61
"528",1,1,0,0,0,1,17,3,0,2,0.4,9.09090909090909,60
"529",1,1,1,0,0,1,30,1,1,2,0.6,27.2727272727273,69
"530",1,0,1,1,0,2,21,4,0,2,0.6,0,48
"531",1,0,0,0,0,2,62,1,0,3,0.2,36.3636363636364,69
"532",1,0,0,0,0,1,44,4,0,2,0,81.8181818181818,58
"533",1,0,1,1,1,1,28,3,0,2,0.8,0,47
"534",0,1,0,1,0,1,NA,4,0,3,0.4,45.4545454545455,76
"535",0,0,1,0,0,2,22,4,0,3,0.4,63.6363636363636,41
"536",1,0,0,0,0,1,42,3,0,3,0.2,63.6363636363636,53
"537",1,1,1,0,0,3,8,2,0,2,0.6,9.09090909090909,46
"538",1,1,1,1,1,1,46,3,0,2,0.6,45.4545454545455,51
"539",1,0,1,0,0,1,3,4,0,3,0.4,0,57
"540",1,1,1,0,1,1,7,3,0,2,0.2,0,48
"541",1,1,1,1,1,1,17,4,0,3,0.8,27.2727272727273,50
"542",0,0,0,0,0,1,7,3,0,3,0.2,9.09090909090909,50
"543",0,0,1,0,0,2,10,4,0,3,0.8,0,51
"544",1,0,1,1,0,1,20,3,0,2,0,0,22
"545",1,0,1,0,0,2,36,1,0,2,0.8,0,65
"546",0,0,1,0,0,1,20,2,0,2,0.8,0,73
"547",1,0,1,0,1,2,33,4,0,3,0,63.6363636363636,49
"548",0,0,1,0,0,1,30,2,0,1,0.4,0,49
"549",1,1,1,0,0,NA,76,4,0,3,0,9.09090909090909,40
"550",0,0,0,1,0,2,49,3,0,2,0.4,9.09090909090909,60
"551",0,1,1,0,0,1,40,2,0,3,0.8,0,35
"552",1,0,1,0,1,1,25,2,0,3,0.6,9.09090909090909,57
"553",1,0,1,0,0,1,25,3,0,2,0.4,0,48
"554",1,1,0,0,0,1,30,3,0,2,0,45.4545454545455,35
"555",1,1,0,1,0,2,40,3,0,3,0,0,55
"556",0,1,1,1,0,1,8,3,0,2,0.4,0,76
"557",0,1,0,0,0,1,71,3,0,1,0,72.7272727272727,34
"558",1,1,1,1,0,3,11,4,0,3,0.8,54.5454545454545,72
"559",1,0,1,0,0,1,31,2,0,2,0.8,0,58
"560",1,0,0,0,0,2,30,4,0,3,0.8,63.6363636363636,31
"561",1,1,0,0,0,2,40,4,0,3,0.4,0,63
"562",0,0,1,0,0,1,15,2,0,2,0.2,36.3636363636364,38
"563",0,1,0,0,0,1,2,3,0,1,0.6,NA,44
"564",1,1,0,0,0,2,37,3,0,3,0.2,NA,63
"565",1,1,0,1,0,5,81,2,0,2,0,72.7272727272727,37
"566",0,1,0,0,0,5,10,2,0,2,0.8,36.3636363636364,60
"567",0,0,1,1,1,1,6,3,0,3,0.6,0,65
"568",0,0,0,0,0,NA,8,3,0,3,0,27.2727272727273,49
"569",1,0,0,0,0,1,25,2,0,3,0.8,0,73
"570",1,1,1,0,0,2,NA,4,0,2,0,9.09090909090909,67
"571",1,0,1,0,0,1,84,2,1,1,1,63.6363636363636,20
"572",0,0,1,0,0,2,25,3,0,3,0,9.09090909090909,43
"573",1,0,0,0,0,2,20,4,0,3,0.8,45.4545454545455,62
"574",0,1,1,1,1,1,7,3,0,2,0.6,0,45
"575",1,0,0,0,0,2,50,3,0,2,0.8,45.4545454545455,59
"576",1,0,1,0,0,1,10,3,0,2,0,0,27
"577",0,0,1,0,0,2,20,2,0,3,0.4,0,35
"578",0,1,1,1,1,2,42,2,0,1,0.4,54.5454545454545,54
"579",0,1,1,0,0,5,31,3,0,1,1,0,71
"580",0,1,1,1,0,1,7,2,0,2,0.2,0,80
"581",0,1,0,0,0,2,1,2,0,3,0,54.5454545454545,34
"582",1,0,1,1,0,1,35,3,0,2,0.2,27.2727272727273,35
"583",1,1,1,1,0,1,15,3,0,3,0.4,9.09090909090909,52
"584",0,1,0,0,0,1,10,3,0,3,0.2,0,57
"585",1,1,1,1,0,1,97,2,0,2,0.4,9.09090909090909,41
"586",1,1,0,0,0,2,20,3,0,2,0.2,9.09090909090909,71
"587",0,1,1,1,0,1,9,3,1,2,0.2,0,66
"588",0,1,0,0,0,1,12,3,0,2,0,0,70
"589",0,1,0,1,1,2,5,1,0,2,0.8,45.4545454545455,63
"590",1,1,0,0,0,2,15,4,0,1,0.8,0,64
"591",0,0,1,1,1,3,2,4,0,2,0.8,9.09090909090909,35
"592",1,1,0,0,0,1,NA,3,0,2,0.2,54.5454545454545,48
"593",1,1,0,0,0,3,NA,3,0,3,0.6,0,29
"594",1,0,1,1,1,1,40,2,0,2,0.8,0,71
"595",0,1,1,1,0,1,15,2,0,3,0.4,36.3636363636364,67
"596",0,1,0,0,0,1,0,1,0,3,0,9.09090909090909,59
"597",0,1,0,0,0,1,15,1,0,3,0.6,0,40
"598",0,0,1,0,1,1,36,2,0,2,1,18.1818181818182,52
"599",1,0,1,0,0,2,28,4,0,2,1,90.9090909090909,47
"600",1,0,1,0,0,1,13,3,0,2,0.2,72.7272727272727,48
"601",1,0,0,0,0,1,20,3,0,NA,0.2,36.3636363636364,66
"602",0,0,0,0,0,1,30,2,0,3,0.4,72.7272727272727,68
"603",0,0,0,0,0,2,10,1,0,3,0.6,0,58
"604",1,1,0,1,0,3,36,4,0,2,0.4,18.1818181818182,70
"605",1,0,1,0,0,1,26,4,0,3,0.8,9.09090909090909,75
"606",0,0,0,0,0,1,NA,2,0,2,0,0,36
"607",0,1,1,0,0,3,21,3,0,3,0.6,45.4545454545455,71
"608",0,1,0,0,0,2,40,3,0,3,0.2,72.7272727272727,62
"609",1,0,1,0,0,1,10,2,0,3,0.8,0,49
"610",1,0,0,0,0,1,15,2,0,2,0.6,0,63
"611",1,1,1,1,1,2,34,4,0,3,1,72.7272727272727,55
"612",1,0,1,0,0,1,28,3,0,2,0.4,NA,61
"613",0,1,0,1,0,2,8,2,0,3,0.6,18.1818181818182,59
"614",0,1,1,1,1,3,11,3,0,2,0.2,9.09090909090909,49
"615",1,1,0,1,0,3,29,3,0,2,0.4,0,65
"616",0,1,0,0,0,2,40,3,0,1,0.4,9.09090909090909,80
"617",0,0,0,0,0,1,8,3,0,3,0.2,63.6363636363636,28
"618",0,0,0,0,0,2,13,2,0,2,0.4,18.1818181818182,74
"619",1,0,1,0,0,1,NA,2,1,2,0.8,0,65
"620",0,1,1,1,0,1,43,3,0,3,0.2,27.2727272727273,32
"621",1,1,0,0,0,1,NA,4,0,3,0.6,45.4545454545455,66
"622",0,1,1,0,0,1,10,2,0,1,0.2,0,30
"623",0,1,1,1,1,1,20,3,0,3,0.8,0,67
"624",0,1,0,0,0,2,30,4,0,2,0.8,0,68
"625",0,0,1,0,0,4,13,4,1,3,1,0,28
"626",0,0,1,0,0,3,8,4,0,2,0.4,0,23
"627",0,1,1,0,0,2,39,4,0,2,0.2,54.5454545454545,78
"628",0,1,1,0,0,1,25,3,0,1,0.4,0,35
"629",0,1,0,1,0,3,21,3,0,3,0.6,27.2727272727273,69
"630",0,1,0,0,0,1,8,2,0,2,0,90.9090909090909,70
"631",1,1,1,0,0,NA,NA,4,0,2,0.2,NA,46
"632",0,1,1,1,0,5,7,3,0,3,0.4,9.09090909090909,75
"633",1,0,0,0,0,2,44,3,1,2,0.6,9.09090909090909,79
"634",0,0,0,0,0,4,40,4,0,3,0.6,81.8181818181818,35
"635",0,1,0,1,0,1,13,3,0,2,0.2,0,69
"636",0,1,0,0,0,1,30,4,0,3,0.2,45.4545454545455,72
"637",1,1,1,0,1,1,NA,3,0,3,0.8,45.4545454545455,40
"638",0,1,0,0,0,2,40,4,0,3,0.4,NA,85
"639",1,0,0,0,0,NA,38,3,0,3,0.4,18.1818181818182,67
"640",0,0,0,0,0,2,6,3,0,3,0.6,36.3636363636364,61
"641",0,1,0,0,0,4,88,3,0,1,0.4,90.9090909090909,31
"642",0,1,1,1,1,1,5,3,0,3,0.6,0,67
"643",0,1,1,1,1,1,17,3,0,2,0.4,0,64
"644",0,0,1,0,0,2,11,2,0,2,0.2,9.09090909090909,73
"645",0,0,1,1,0,4,37,2,0,3,0.8,81.8181818181818,76
"646",0,1,1,0,0,1,31,2,0,3,0,90.9090909090909,77
"647",0,1,1,1,0,2,40,3,0,2,0.6,0,67
"648",1,0,0,0,0,1,72,3,0,2,0,81.8181818181818,33
"649",0,1,0,1,0,2,15,2,0,1,0.8,27.2727272727273,76
"650",0,1,0,0,0,1,10,3,0,3,0.6,0,78
"651",0,1,1,0,0,3,15,2,0,3,0.6,18.1818181818182,70
"652",1,0,0,0,0,1,20,3,0,2,0.4,0,72
"653",0,1,1,1,0,2,28,3,0,2,0,0,69
"654",0,0,0,0,0,1,24,4,0,2,0.2,90.9090909090909,34
"655",0,1,0,0,0,2,10,4,0,3,0.4,27.2727272727273,64
"656",1,1,1,0,0,1,87,4,0,3,0.8,45.4545454545455,51
"657",0,1,1,1,0,3,34,2,0,2,0.2,0,34
"658",1,0,0,0,0,1,20,2,0,3,0.6,9.09090909090909,74
"659",0,1,1,0,0,5,10,3,0,NA,0.2,27.2727272727273,74
"660",0,0,1,0,0,5,7,2,0,3,0.6,0,24
"661",0,1,0,0,0,2,45,4,0,3,0.4,9.09090909090909,74
"662",0,1,1,1,0,5,50,2,0,2,0.2,0,76
"663",0,1,0,1,0,3,18,3,0,3,0.8,27.2727272727273,50
"664",0,1,1,1,0,1,22,2,0,2,0.6,72.7272727272727,32
"665",1,1,1,1,0,1,37,3,1,2,0.4,9.09090909090909,77
"666",0,1,1,1,1,1,35,2,0,2,1,NA,33
"667",0,1,1,1,0,1,5,3,0,2,0,0,47
"668",0,1,0,1,0,2,40,4,0,2,0.2,54.5454545454545,74
"669",1,0,0,0,0,1,13,3,0,2,0.2,9.09090909090909,64
"670",0,1,0,0,0,1,31,3,0,3,0.6,0,70
"671",1,0,0,1,0,1,43,2,0,2,0.2,0,38
"672",0,0,1,0,0,4,26,3,0,3,0.2,45.4545454545455,72
"673",0,1,0,0,0,1,NA,4,0,2,0,45.4545454545455,67
"674",0,1,1,1,1,1,15,2,0,2,0.6,0,47
"675",0,1,0,0,0,2,21,3,0,2,0,0,70
"676",0,1,1,1,0,1,7,4,0,2,0.4,0,73
"677",1,0,1,1,1,1,6,2,0,2,0.6,9.09090909090909,30
"678",1,1,1,1,0,1,12,3,0,2,0.4,27.2727272727273,72
"679",0,1,1,0,0,1,10,4,0,NA,0.6,0,66
"680",1,0,1,0,0,2,33,1,0,2,0.2,36.3636363636364,63
"681",0,0,1,0,1,2,12,2,0,2,0.8,36.3636363636364,28
"682",0,1,1,1,0,2,20,2,0,2,0.2,9.09090909090909,70
"683",0,1,1,1,1,2,22,4,1,3,1,9.09090909090909,36
"684",0,1,1,1,0,1,16,2,0,1,1,0,74
"685",0,0,1,0,0,2,27,3,0,3,0.2,9.09090909090909,48
"686",1,0,0,0,0,2,NA,4,0,3,0.4,0,68
"687",0,0,0,0,0,1,NA,3,0,2,0,90.9090909090909,69
"688",1,1,0,0,0,1,15,3,0,3,0.2,9.09090909090909,60
"689",1,0,0,0,0,2,25,3,0,2,0.2,45.4545454545455,57
"690",1,1,1,0,0,1,6,4,0,2,0.4,27.2727272727273,73
"691",1,1,0,0,0,2,59,3,0,3,0.4,36.3636363636364,63
"692",0,0,1,0,0,1,27,2,0,2,0.2,0,27
"693",0,1,1,0,0,2,15,3,0,2,0.2,9.09090909090909,71
"694",0,1,0,0,0,1,20,1,0,2,0.6,45.4545454545455,35
"695",1,1,1,1,1,2,30,1,0,2,0.4,45.4545454545455,33
"696",0,1,1,0,0,1,30,1,0,3,0.6,90.9090909090909,74
"697",0,0,1,0,0,2,20,3,0,2,0.4,0,25
"698",1,1,0,0,0,3,20,3,0,3,0.4,72.7272727272727,68
"699",0,0,1,0,0,1,50,2,0,1,0.6,36.3636363636364,22
"700",1,0,1,0,0,1,31,2,0,2,0.8,45.4545454545455,68
"701",0,1,0,0,0,2,11,3,1,3,0.8,45.4545454545455,72
"702",0,1,0,0,0,3,40,3,0,2,0.2,45.4545454545455,71
"703",0,0,1,0,0,2,15,2,0,2,0.6,0,67
"704",0,1,0,1,0,1,25,3,0,2,0.4,0,74
"705",1,0,0,0,0,2,29,3,0,3,0.2,72.7272727272727,54
"706",0,1,0,1,0,3,25,3,0,3,0.4,0,74
"707",0,1,0,0,0,2,25,3,0,3,0,72.7272727272727,79
"708",1,0,1,0,0,1,30,4,0,3,0.6,0,75
"709",1,1,0,0,0,2,42,3,0,2,0.2,0,71
"710",1,1,1,1,0,3,28,3,0,2,0.6,0,49
"711",0,1,0,0,0,1,8,4,0,2,0.4,0,73
"712",1,1,0,0,0,2,18,4,0,2,0.4,36.3636363636364,67
"713",0,0,1,1,0,2,20,3,0,2,0.6,36.3636363636364,71
"714",0,1,1,1,1,2,14,3,0,1,0.6,0,63
"715",0,1,1,1,0,3,15,4,1,3,0.8,0,34
"716",0,1,0,0,0,1,20,3,0,3,0.2,72.7272727272727,72
"717",0,0,1,0,0,1,48,3,0,2,0.8,0,69
"718",1,1,1,1,1,2,15,4,0,2,0.4,63.6363636363636,37
"719",0,0,0,0,0,1,40,1,0,3,0,0,57
"720",0,1,0,0,0,1,NA,4,0,3,0,45.4545454545455,35
"721",1,1,1,1,0,1,11,3,0,2,0.4,0,71
"722",1,1,1,1,1,3,10,1,0,2,0.6,0,62
"723",0,0,0,0,0,NA,24,4,0,3,0.4,72.7272727272727,20
"724",1,1,1,0,0,5,31,4,0,2,0,81.8181818181818,29
"725",0,1,0,1,0,2,20,3,0,3,0.8,54.5454545454545,73
"726",0,1,0,1,0,1,9,2,0,1,0.8,72.7272727272727,75
"727",0,1,0,1,0,2,30,3,0,3,0.2,36.3636363636364,49
"728",1,0,1,0,0,1,12,2,0,2,0.2,18.1818181818182,29
"729",0,1,0,1,0,2,22,4,0,1,0.6,0,69
"730",0,1,1,1,0,1,15,3,0,2,0.4,27.2727272727273,73
"731",0,0,0,0,0,2,30,3,0,2,0.8,0,70
"732",0,0,0,0,0,1,12,1,0,2,0.8,0,21
"733",0,1,0,0,0,1,17,4,0,3,0.4,18.1818181818182,73
"734",0,1,0,0,0,1,35,4,0,2,0.2,0,68
"735",1,1,1,1,1,2,68,4,0,3,0.4,81.8181818181818,35
"736",0,1,1,0,0,1,28,2,0,2,0.6,0,72
"737",0,0,1,0,0,2,23,3,0,2,0.8,63.6363636363636,32
"738",0,1,0,0,0,2,25,4,0,2,0.4,45.4545454545455,75
"739",0,0,1,0,0,2,21,1,0,NA,0,45.4545454545455,22
"740",0,1,0,1,0,2,15,3,0,2,0.6,0,74
"741",0,1,1,1,0,2,18,3,0,2,0.4,63.6363636363636,67
"742",0,1,0,0,0,3,15,2,0,2,0.2,54.5454545454545,76
"743",0,1,0,0,0,2,18,2,0,2,0.2,9.09090909090909,58
"744",0,0,1,1,0,1,9,3,0,2,0.6,0,22
"745",0,1,0,1,0,1,27,3,0,2,0.4,0,64
"746",0,0,0,0,0,2,15,3,0,2,0.2,9.09090909090909,75
"747",0,1,1,0,1,1,93,4,0,1,1,90.9090909090909,31
"748",0,0,1,0,1,1,10,3,0,2,0.8,0,57
"749",0,1,1,1,0,1,11,3,0,2,0.8,0,73
"750",0,0,0,0,0,3,10,3,0,2,0.4,27.2727272727273,74
"751",0,1,1,1,0,2,10,3,0,2,0.4,0,69
"752",0,0,0,1,0,1,13,2,0,3,0.2,0,57
"753",0,0,1,1,0,2,24,3,0,1,0.4,0,52
"754",1,0,0,0,0,2,33,2,0,3,0.2,81.8181818181818,65
"755",0,1,0,1,0,2,5,2,0,2,0.4,9.09090909090909,65
"756",1,0,1,0,0,4,41,3,0,1,0.6,0,66
"757",0,0,1,1,0,1,9,1,0,2,0,0,36
"758",0,1,0,0,0,1,NA,3,0,NA,0.8,45.4545454545455,29
"759",0,0,0,0,0,2,21,3,0,3,0.2,72.7272727272727,62
"760",1,1,0,0,0,3,21,2,0,3,0.6,27.2727272727273,56
"761",0,1,0,0,0,1,11,3,0,2,0.2,36.3636363636364,27
"762",0,1,0,1,0,1,18,3,0,2,0.8,72.7272727272727,72
"763",1,1,0,0,0,2,NA,4,0,2,0.4,18.1818181818182,71
"764",0,1,1,0,0,4,61,4,0,2,0.6,NA,26
"765",0,0,1,0,0,1,12,1,0,2,0.4,0,60
"766",0,1,1,1,0,5,37,3,0,3,0.6,9.09090909090909,71
"767",0,1,0,0,0,2,30,2,0,2,0.2,45.4545454545455,77
"768",1,0,0,0,0,1,30,3,0,3,0.2,0,71
"769",0,0,0,0,0,1,61,2,0,2,1,18.1818181818182,19
"770",1,0,0,0,0,2,50,3,0,3,0,54.5454545454545,67
"771",0,1,0,1,0,4,28,3,0,2,0.2,45.4545454545455,72
"772",0,0,1,0,1,1,2,2,0,2,0,0,52
"773",1,0,1,0,0,1,12,1,0,2,0.2,0,81
"774",0,0,0,0,0,1,NA,3,0,3,0.8,45.4545454545455,27
"775",1,0,0,0,0,1,NA,3,0,2,0.4,0,75
"776",1,0,0,0,0,2,25,4,0,3,0.4,45.4545454545455,73
"777",0,1,1,1,0,1,20,3,0,3,0.2,36.3636363636364,74
"778",1,0,1,0,0,2,30,3,0,2,0,0,65
"779",1,0,1,0,1,1,37,4,0,2,0.8,0,49
"780",1,0,1,0,0,1,13,3,0,2,0,0,31
"781",1,0,1,0,0,1,15,2,0,2,0.4,0,62
"782",1,1,0,1,0,2,20,3,0,2,0,0,69
"783",0,1,0,1,0,1,16,3,0,2,0.4,72.7272727272727,71
"784",0,1,0,0,0,1,12,3,0,2,0.8,63.6363636363636,57
"785",0,0,1,1,0,4,20,3,0,2,0.2,0,26
"786",1,0,0,0,0,1,31,2,0,NA,0.8,0,64
"787",0,0,0,1,0,2,15,3,0,2,0.8,45.4545454545455,57
"788",0,0,0,0,0,1,15,3,0,3,0.2,63.6363636363636,36
"789",0,1,0,0,0,2,25,3,0,3,0.2,0,73
"790",0,1,1,1,1,1,18,3,0,2,0.4,0,27
"791",0,0,1,0,0,1,10,3,0,3,1,36.3636363636364,22
"792",1,0,1,0,0,3,68,2,0,2,0.6,27.2727272727273,36
"793",0,0,0,0,0,1,7,2,0,3,0,0,31
"794",0,1,1,0,0,1,10,2,0,3,0.6,45.4545454545455,35
"795",0,0,0,0,0,2,40,3,0,3,0.6,36.3636363636364,35
"796",1,0,1,0,0,5,9,1,1,3,0.8,0,35
"797",0,1,0,1,0,2,NA,4,0,2,0.8,0,75
"798",0,1,1,0,0,1,26,3,0,3,0.2,18.1818181818182,68
"799",0,1,1,1,0,2,15,3,0,2,0.8,0,68
"800",0,0,0,1,0,1,50,2,0,2,0.2,90.9090909090909,25
"801",1,0,0,0,0,3,30,3,0,3,0.2,9.09090909090909,70
"802",0,1,0,0,0,2,19,3,0,2,0.2,54.5454545454545,71
"803",1,1,1,1,0,1,40,2,0,2,0,45.4545454545455,47
"804",0,0,1,0,1,2,10,2,0,2,0.4,0,43
"805",0,1,1,1,0,2,25,2,0,2,0.4,9.09090909090909,74
"806",0,0,0,0,0,1,17,2,0,3,0.2,18.1818181818182,22
"807",0,0,0,0,0,1,12,4,0,2,0.2,36.3636363636364,28
"808",1,0,0,0,0,3,58,1,0,2,0.6,45.4545454545455,35
"809",1,0,0,0,0,1,31,3,0,2,0.6,0,60
"810",1,1,0,0,0,3,40,4,0,2,0.4,45.4545454545455,73
"811",0,0,0,0,0,1,25,3,0,2,0,27.2727272727273,21
"812",1,1,1,0,0,2,24,4,0,3,0.2,9.09090909090909,66
"813",0,1,0,0,0,1,18,3,0,3,0,0,33
"814",0,1,1,1,1,3,8,2,0,3,0.8,0,27
"815",1,1,0,1,0,2,73,4,0,3,0.4,72.7272727272727,68
"816",0,0,0,0,0,1,15,3,0,3,0.4,0,22
"817",1,0,0,0,0,2,34,3,0,3,0.4,0,61
"818",0,1,0,0,0,2,48,3,0,3,0.2,9.09090909090909,70
"819",0,1,0,1,0,2,21,2,0,2,0.6,18.1818181818182,65
"820",1,0,0,0,0,3,58,1,0,1,0.6,54.5454545454545,62
"821",0,0,1,0,1,1,25,4,0,3,0.8,72.7272727272727,47
"822",0,1,0,0,0,1,23,3,0,2,0.4,9.09090909090909,69
"823",0,1,0,1,0,2,33,3,1,3,0.2,9.09090909090909,73
"824",1,1,1,0,0,1,35,4,0,2,0.6,9.09090909090909,70
"825",0,1,0,1,0,2,12,2,0,3,0.2,0,73
"826",0,1,0,1,0,2,20,4,0,2,0.2,0,69
"827",0,1,1,0,0,3,NA,1,1,2,1,72.7272727272727,72
"828",1,0,0,1,1,3,15,3,0,2,0.2,9.09090909090909,43
"829",0,0,1,0,0,5,50,3,0,2,0.6,0,78
"830",1,0,1,0,0,3,45,3,0,2,0.6,9.09090909090909,68
"831",1,1,0,1,0,2,43,3,0,2,0.2,9.09090909090909,75
"832",1,0,1,0,0,2,3,3,0,2,0.4,0,70
"833",0,1,0,1,0,2,15,2,0,2,0,0,73
"834",0,1,1,1,0,1,18,3,0,3,0.8,27.2727272727273,91
"835",0,0,1,0,0,5,20,3,0,3,0.2,27.2727272727273,69
"836",1,0,0,1,0,1,72,4,1,3,0.6,81.8181818181818,74
"837",0,1,0,0,0,1,15,4,0,2,0.6,45.4545454545455,64
"838",0,1,0,1,0,2,15,3,0,2,0.2,0,69
"839",0,1,1,1,1,1,20,2,0,2,0.4,0,42
"840",0,0,1,0,0,1,12,3,0,3,0.4,0,24
"841",0,1,0,1,0,1,12,3,0,2,0,9.09090909090909,72
"842",0,1,1,0,0,1,23,3,0,2,0.8,0,67
"843",0,1,1,0,0,NA,20,3,0,3,0.4,0,68
"844",1,0,0,0,0,2,64,3,0,1,0.2,NA,50
"845",1,1,1,0,0,2,34,3,0,2,0.2,81.8181818181818,37
"846",0,1,1,1,0,2,20,2,0,3,0.8,54.5454545454545,75
"847",1,1,0,0,0,1,22,2,0,2,0.2,9.09090909090909,69
"848",0,0,0,0,0,5,31,1,0,3,0.2,0,25
"849",1,0,0,1,0,2,20,3,0,2,0,81.8181818181818,73
"850",1,1,0,1,1,3,92,4,0,2,0.6,90.9090909090909,57
"851",0,1,1,0,0,2,16,2,0,3,0.8,63.6363636363636,29
"852",0,0,1,1,1,2,33,3,0,2,0.8,36.3636363636364,58
"853",0,1,1,1,0,2,20,4,0,NA,0.2,81.8181818181818,68
"854",1,1,0,1,0,1,40,3,0,3,0.8,27.2727272727273,43
"855",0,1,1,0,1,1,50,4,0,3,0.8,90.9090909090909,35
"856",0,0,1,0,0,2,44,4,0,3,0.8,0,36
"857",1,0,0,0,0,1,58,3,0,3,0.4,81.8181818181818,35
"858",0,0,1,0,1,4,39,3,0,2,0.8,72.7272727272727,50
"859",1,0,1,0,0,1,26,3,0,2,0.6,0,26
"860",1,0,0,0,0,1,33,3,0,3,0.2,0,41
"861",0,0,0,0,0,1,NA,2,0,3,0.6,0,33
"862",1,1,0,0,0,5,NA,3,0,2,0.6,9.09090909090909,47
"863",1,0,0,0,0,1,NA,2,0,3,0,9.09090909090909,32
"864",1,0,0,0,0,2,45,3,0,3,0,45.4545454545455,48
"865",0,0,0,0,0,1,25,4,1,1,0.4,0,21
"866",0,0,1,0,0,1,16,2,0,2,0.2,0,23
"867",1,1,0,0,0,2,84,4,0,3,0.4,36.3636363636364,35
"868",1,0,1,0,0,1,40,3,0,2,0.8,0,22
"869",0,0,0,0,0,1,9,2,0,1,0,18.1818181818182,47
"870",1,0,0,0,0,1,40,2,0,3,0.8,45.4545454545455,46
"871",1,0,0,0,0,1,30,2,0,2,0,0,32
"872",1,0,0,0,0,5,49,3,0,3,0.2,NA,48
"873",1,1,1,1,1,1,3,2,0,2,1,0,33
"874",1,0,1,0,0,1,8,1,0,2,0.2,0,32
"875",1,1,1,0,0,1,30,4,0,2,0.2,0,71
"876",0,0,0,0,0,2,15,3,0,3,0.6,9.09090909090909,20
"877",1,0,1,0,0,1,46,3,0,3,0.4,54.5454545454545,24
"878",0,0,1,0,0,1,5,4,1,3,0.4,0,34
"879",1,0,0,0,0,3,9,4,0,2,0.8,0,23
"880",1,1,1,1,0,1,41,4,0,3,0.8,0,55
"881",0,0,0,0,0,3,22,3,0,2,0.4,36.3636363636364,26
"882",0,0,0,0,0,4,56,3,1,1,0.6,54.5454545454545,24
"883",1,1,1,0,0,1,NA,2,0,3,0.4,81.8181818181818,33
"884",1,0,0,0,0,2,30,4,0,2,0.4,18.1818181818182,68
"885",1,1,0,0,0,1,32,3,0,2,1,0,35
"886",0,0,1,0,0,3,13,4,1,1,0.8,90.9090909090909,47
"887",1,1,1,1,0,1,10,3,0,2,0.4,0,59
"888",0,0,0,0,0,1,5,2,0,3,0.4,54.5454545454545,22
"889",1,1,0,0,0,1,20,2,0,2,0.2,36.3636363636364,55
"890",0,0,0,0,0,1,13,2,0,3,0,9.09090909090909,37
"891",1,0,1,0,0,3,12,2,0,2,0.4,9.09090909090909,23
"892",1,0,1,1,1,1,41,3,0,1,0.4,0,28
"893",0,0,1,0,0,1,5,2,0,2,0,0,26
"894",1,0,0,0,0,2,20,4,0,2,0.8,36.3636363636364,34
"895",1,1,1,0,0,3,34,3,0,3,0.8,45.4545454545455,37
"896",0,0,0,0,0,2,NA,4,0,1,0.4,63.6363636363636,21
"897",0,0,0,0,0,2,30,2,0,2,0.6,0,49
"898",0,0,0,0,0,1,20,3,0,3,0.6,0,34
"899",0,0,1,1,0,1,15,4,0,2,0.4,45.4545454545455,75
"900",1,0,0,0,0,1,15,2,0,3,0.4,45.4545454545455,27
"901",0,0,0,0,0,2,18,3,0,3,0,18.1818181818182,52
"902",0,0,1,0,0,1,8,3,0,3,0.2,18.1818181818182,29
"903",0,0,0,0,0,1,73,3,0,3,0.6,0,23
"904",1,1,1,0,0,2,31,2,0,3,1,9.09090909090909,39
"905",0,0,1,0,1,5,84,4,0,NA,0.2,72.7272727272727,30
"906",1,0,0,0,0,1,15,3,0,3,0.4,0,48
"907",0,0,1,0,0,1,1,2,0,3,0.6,0,54
"908",0,1,0,0,0,4,11,3,0,3,0.2,18.1818181818182,41
"909",1,1,1,0,0,1,10,3,0,3,0.6,0,27
"910",0,0,0,0,0,1,61,2,0,1,0.2,0,77
"911",0,1,1,1,0,1,30,3,0,2,0.2,45.4545454545455,76
"912",0,0,1,0,0,1,31,2,0,2,1,9.09090909090909,26
"913",0,1,1,1,1,1,6,3,0,3,0.2,0,49
"914",1,1,1,1,1,1,20,3,0,3,1,0,61
"915",1,0,0,0,0,2,41,3,0,3,0,54.5454545454545,65
"916",0,1,1,0,1,1,64,3,0,3,0.6,81.8181818181818,28
"917",0,1,1,1,0,5,30,2,0,2,0.6,0,67
"918",0,1,1,1,1,3,20,2,0,2,0.6,90.9090909090909,55
"919",0,1,0,0,0,1,27,3,0,3,0.4,18.1818181818182,51
"920",0,0,0,0,0,1,43,2,0,2,0.4,NA,57
"921",1,0,0,0,0,1,68,4,0,2,0.2,0,34
"922",1,0,0,0,0,1,20,3,0,2,0,0,36
"923",1,0,1,0,0,1,12,4,0,3,0.6,0,49
"924",0,0,0,0,0,1,35,2,0,2,1,0,46
"925",0,1,1,1,1,2,NA,3,0,2,0.2,36.3636363636364,55
"926",1,1,0,0,0,1,38,4,0,3,0.6,63.6363636363636,72
"927",1,0,0,0,0,1,20,3,0,3,0.8,0,28
"928",1,1,0,0,0,1,15,1,0,2,0.6,45.4545454545455,53
"929",1,0,1,0,1,2,NA,3,0,3,1,63.6363636363636,27
"930",1,1,1,1,1,1,50,3,0,3,0.4,90.9090909090909,32
"931",0,0,1,0,1,1,25,2,0,2,0.6,18.1818181818182,31
"932",0,0,0,0,0,1,29,2,0,2,0,81.8181818181818,30
"933",1,0,0,0,0,1,72,3,0,3,0.2,NA,30
"934",0,1,1,1,1,3,20,1,0,2,0.8,9.09090909090909,34
"935",0,0,0,0,1,2,22,2,0,2,0.4,36.3636363636364,56
"936",0,0,0,0,0,2,29,2,0,2,0.6,72.7272727272727,76
"937",1,0,1,0,0,1,33,4,0,3,0,0,51
"938",1,0,1,1,1,1,21,2,0,2,0.2,NA,34
"939",1,0,1,0,1,1,NA,4,1,2,0.8,0,45
"940",1,0,0,0,0,1,45,4,0,3,0.4,0,39
"941",0,0,0,1,0,1,17,2,0,1,0.6,NA,22
"942",1,1,1,1,1,1,13,3,0,3,0,45.4545454545455,32
"943",0,1,1,0,0,1,23,3,0,3,0.4,18.1818181818182,75
"944",1,1,1,1,0,2,NA,4,0,3,0.8,72.7272727272727,54
"945",1,1,1,1,0,1,30,3,0,3,0.4,NA,40
"946",0,1,1,1,0,1,15,3,0,2,0.6,45.4545454545455,42
"947",1,0,0,0,0,1,50,1,0,2,0,9.09090909090909,51
"948",0,0,0,0,0,1,NA,2,0,2,0,NA,49
"949",0,1,0,0,0,2,5,3,0,NA,0.4,81.8181818181818,48
"950",0,1,0,0,0,1,20,4,0,2,0.6,90.9090909090909,45
"951",1,0,0,0,0,4,20,3,0,2,0,18.1818181818182,22
"952",1,0,0,0,0,2,35,4,1,3,1,9.09090909090909,42
"953",1,0,0,0,0,1,NA,3,0,3,0,27.2727272727273,36
"954",0,1,1,0,0,2,25,1,0,2,0,81.8181818181818,41
"955",1,0,0,0,0,2,14,3,0,2,0,9.09090909090909,49
"956",1,0,1,0,1,1,22,3,0,2,0.6,0,31
"957",1,0,1,0,0,1,35,4,0,2,0,NA,25
"958",1,1,1,0,0,1,27,3,0,2,0.8,0,52
"959",1,0,1,0,0,1,57,2,0,1,0.6,0,24
"960",0,0,1,0,0,NA,56,3,0,3,0.6,63.6363636363636,34
"961",1,1,0,1,0,2,40,4,0,2,0,81.8181818181818,39
"962",1,0,1,1,0,2,40,4,0,2,0.2,18.1818181818182,32
"963",1,0,1,1,0,3,NA,4,0,3,0.8,54.5454545454545,21
"964",0,0,0,0,0,1,34,2,0,2,0.2,9.09090909090909,41
"965",1,0,1,1,0,1,30,4,0,3,0.6,0,59
"966",1,0,1,1,0,1,20,3,0,3,0.4,9.09090909090909,25
"967",0,0,0,0,0,2,NA,4,0,3,0.6,63.6363636363636,57
"968",1,1,1,0,0,1,49,3,0,3,0.2,36.3636363636364,42
"969",0,0,0,0,0,1,20,2,0,2,0,81.8181818181818,33
"970",0,1,0,0,0,2,8,4,0,3,0.2,0,81
"971",1,1,1,1,0,1,20,3,0,2,0.4,0,49
"972",1,1,0,0,0,1,23,4,0,3,0,63.6363636363636,37
"973",1,0,0,0,0,1,21,3,0,2,0,27.2727272727273,35
"974",1,1,1,0,0,5,NA,3,0,3,0.6,NA,44
"975",1,0,1,1,0,3,14,3,0,2,1,0,42
"976",1,1,1,0,0,1,15,3,0,2,0.6,18.1818181818182,59
"977",1,0,1,0,0,2,57,4,0,2,0.4,27.2727272727273,28
"978",1,0,1,0,1,1,30,2,1,3,0.8,0,32
"979",0,0,1,0,0,1,22,4,1,2,0.2,0,50
"980",1,0,0,0,0,1,20,3,0,3,0,9.09090909090909,57
"981",0,0,0,0,0,1,29,4,0,3,0,0,40
"982",1,1,1,1,0,2,15,3,0,2,0.4,36.3636363636364,55
"983",0,0,1,0,0,1,NA,4,0,3,0.8,0,35
"984",1,0,0,0,0,5,62,4,0,1,0.4,0,39
"985",1,1,0,1,0,1,5,3,0,2,0.4,0,46
"986",0,1,0,0,0,2,NA,2,1,2,0.2,0,60
"987",1,0,0,0,0,1,22,3,0,3,0.6,0,60
"988",1,1,0,0,0,1,7,1,0,2,1,0,40
"989",0,0,1,0,1,1,4,4,0,3,0.2,0,53
"990",1,1,0,0,0,3,NA,4,1,2,1,45.4545454545455,43
"991",1,0,1,0,0,1,24,3,0,2,0.4,0,22
"992",1,1,1,0,0,2,38,2,0,1,0.4,27.2727272727273,35
"993",1,0,1,0,0,1,32,4,0,2,0.2,NA,45
"994",1,1,0,0,0,2,28,1,0,2,0.2,45.4545454545455,36
"995",1,0,1,0,0,1,58,1,0,2,0.2,0,39
"996",0,0,0,1,0,1,13,3,0,2,0.8,9.09090909090909,37
"997",0,0,0,0,0,1,10,2,0,2,0.6,0,43
"998",0,0,0,0,0,1,5,3,0,1,0.2,0,53
"999",1,0,1,0,0,2,40,2,0,2,0.2,0,60
"1000",1,1,0,0,0,2,8,3,0,2,0.6,0,42
"1001",1,0,1,0,0,2,40,2,0,3,0.4,0,45
"1002",1,0,0,0,0,1,40,2,0,3,0,27.2727272727273,36
"1003",1,0,1,0,0,4,30,3,0,3,0.8,0,26
"1004",1,1,1,0,0,4,30,3,0,3,0.8,45.4545454545455,49
"1005",1,1,0,1,0,1,24,3,0,1,0.8,0,67
"1006",1,0,0,0,0,2,62,3,0,3,0.8,54.5454545454545,49
"1007",1,1,1,0,0,1,15,3,0,NA,0.2,9.09090909090909,38
"1008",1,1,0,0,0,1,35,3,0,2,0.2,27.2727272727273,55
"1009",1,0,1,0,0,1,31,3,0,2,0.2,0,51
"1010",1,1,0,0,0,2,50,4,0,3,0,0,40
"1011",0,0,1,0,0,1,27,2,0,2,0.6,36.3636363636364,36
"1012",0,0,1,0,0,1,10,4,0,2,0.2,36.3636363636364,23
"1013",0,0,0,0,0,3,16,1,0,1,0.8,54.5454545454545,54
"1014",0,0,1,0,0,2,11,3,0,3,0,81.8181818181818,28
"1015",1,0,0,0,0,2,22,3,0,3,0.2,0,27
"1016",1,0,0,0,0,2,44,4,0,2,0.6,9.09090909090909,49
"1017",0,0,0,0,0,2,NA,2,0,3,0.4,0,20
"1018",1,0,0,0,0,1,42,4,0,3,0,0,58
"1019",1,1,0,0,0,1,62,3,0,2,0.6,0,40
"1020",1,1,0,1,0,2,18,3,0,2,0.4,NA,40
"1021",1,0,0,1,0,1,14,3,0,2,0,9.09090909090909,29
"1022",1,1,1,1,0,5,11,3,0,2,0.8,9.09090909090909,57
"1023",1,0,0,0,0,1,97,3,0,2,0,81.8181818181818,45
"1024",1,1,0,0,0,1,30,3,0,3,0.8,9.09090909090909,49
"1025",1,0,0,0,0,1,72,2,0,1,0,90.9090909090909,32
"1026",0,1,1,0,1,1,10,2,1,2,0.2,18.1818181818182,73
"1027",1,0,0,0,0,3,35,3,0,2,0.6,9.09090909090909,58
"1028",1,1,1,0,0,2,40,3,0,1,0,45.4545454545455,45
"1029",1,0,0,0,0,1,25,3,0,2,0,0,37
"1030",1,0,1,0,1,2,10,2,0,2,1,18.1818181818182,56
"1031",1,1,0,0,0,1,37,4,0,2,0,45.4545454545455,61
"1032",1,0,0,0,0,1,30,2,0,2,0.2,45.4545454545455,45
"1033",0,1,0,0,0,1,40,4,0,2,0.6,27.2727272727273,75
"1034",1,0,0,0,0,2,NA,3,0,3,0,63.6363636363636,46
"1035",0,1,0,0,0,1,8,4,0,2,0.2,45.4545454545455,39
"1036",1,0,0,0,0,1,49,3,0,3,1,0,49
"1037",0,0,1,1,0,2,19,3,0,2,0.2,63.6363636363636,38
"1038",1,1,0,0,0,1,50,3,0,3,0,63.6363636363636,29
"1039",1,0,0,0,0,1,35,2,0,2,0,NA,27
"1040",1,1,0,0,0,1,31,3,0,1,0,90.9090909090909,32
"1041",1,1,1,0,0,4,30,2,0,2,0,45.4545454545455,58
"1042",1,0,0,0,0,1,31,2,0,2,0.6,18.1818181818182,51
"1043",1,1,1,1,0,1,39,3,0,2,0.4,18.1818181818182,58
"1044",1,0,0,0,0,1,NA,3,0,2,0.2,0,55
"1045",0,1,0,0,0,2,44,2,0,2,0.6,0,65
"1046",0,1,1,1,0,2,64,3,0,2,0.6,81.8181818181818,68
"1047",1,0,0,0,0,1,NA,4,0,3,0.8,90.9090909090909,54
"1048",0,1,0,0,0,1,20,2,0,3,0.4,45.4545454545455,55
"1049",1,1,1,0,0,1,9,1,1,2,0.4,0,31
"1050",0,1,0,1,0,1,79,4,0,2,0.6,0,50
"1051",1,1,0,0,0,5,62,4,0,1,0.8,0,28
"1052",1,0,1,0,0,3,10,3,0,3,0.2,NA,22
"1053",1,1,0,0,0,2,23,4,0,2,0.2,36.3636363636364,58
"1054",1,0,0,0,0,1,61,3,0,3,0.6,90.9090909090909,27
"1055",1,1,1,0,0,1,15,4,0,2,0.6,0,45
"1056",0,1,0,1,0,2,5,4,0,3,0,NA,58
"1057",1,1,0,0,0,2,34,1,0,3,0.2,63.6363636363636,39
"1058",1,0,0,0,0,1,62,2,0,2,0.4,0,41
"1059",1,1,1,0,0,5,61,2,0,3,0.6,0,32
"1060",0,0,0,0,0,1,10,2,0,3,0.4,36.3636363636364,21
"1061",1,0,0,0,0,1,7,3,0,3,0,NA,34
"1062",1,1,1,1,0,1,24,4,0,2,0.2,9.09090909090909,42
"1063",0,0,0,0,0,1,34,3,0,2,0.4,9.09090909090909,24
"1064",1,1,0,0,0,1,NA,2,0,1,0.6,0,39
"1065",0,1,0,0,0,2,31,2,0,3,0.4,54.5454545454545,50
"1066",0,1,0,0,0,2,7,3,0,1,0.4,0,38
"1067",1,0,1,0,0,1,68,2,0,2,0,54.5454545454545,35
"1068",1,0,0,0,0,1,25,2,0,2,0.6,45.4545454545455,38
"1069",1,0,1,0,0,1,20,2,0,3,0.6,0,41
"1070",0,0,0,0,0,1,7,3,0,2,0,45.4545454545455,24
"1071",0,0,0,0,0,5,61,3,0,1,0.4,72.7272727272727,28
"1072",1,0,0,1,0,1,47,4,0,3,0.2,9.09090909090909,46
"1073",1,0,0,0,0,1,5,3,0,3,1,0,42
"1074",0,0,0,0,0,2,10,2,0,2,0.6,9.09090909090909,20
"1075",0,1,0,0,0,1,20,3,0,2,0.4,0,58
"1076",1,0,0,0,0,1,57,3,0,2,0.2,45.4545454545455,36
"1077",0,0,1,0,0,2,30,3,0,2,0,54.5454545454545,37
"1078",0,0,1,0,0,1,35,3,0,1,0.8,63.6363636363636,24
"1079",1,0,0,0,0,1,86,3,0,2,0,0,44
"1080",1,1,1,0,0,1,50,3,0,NA,0.2,NA,48
"1081",1,1,0,0,0,2,40,2,0,2,0.2,45.4545454545455,59
"1082",1,0,0,0,0,1,30,3,0,2,0.8,0,48
"1083",1,1,0,0,0,2,NA,4,0,3,0.4,45.4545454545455,50
"1084",1,0,1,0,0,1,28,3,0,3,0,90.9090909090909,23
"1085",0,1,0,1,0,1,50,2,0,2,0.4,0,44
"1086",1,0,0,0,0,5,30,1,0,3,0,0,47
"1087",1,0,0,0,0,2,8,2,0,3,0.4,0,51
"1088",1,1,1,1,0,1,11,3,0,3,0.2,9.09090909090909,44
"1089",1,0,0,0,0,1,41,4,0,3,0.6,0,47
"1090",1,1,1,1,0,1,41,3,0,1,0.4,9.09090909090909,46
"1091",1,0,0,0,0,1,32,3,0,3,0.2,0,35
"1092",1,1,0,0,0,4,33,4,0,2,0.4,45.4545454545455,48
"1093",1,0,1,1,0,2,39,4,0,2,0.4,0,26
"1094",1,0,0,0,0,2,30,4,0,2,0,27.2727272727273,32
"1095",1,1,1,1,0,1,NA,3,0,3,0.6,45.4545454545455,30
"1096",1,0,0,0,0,1,12,3,0,2,1,0,34
"1097",1,1,1,1,0,1,40,3,0,2,0.2,NA,34
"1098",0,1,1,1,0,3,22,3,0,2,0.4,18.1818181818182,68
"1099",0,0,1,0,0,1,49,2,0,2,0.2,54.5454545454545,38
"1100",1,0,0,1,0,2,39,3,0,3,0.2,54.5454545454545,29
"1101",1,0,0,0,0,1,16,3,0,2,0.6,0,62
"1102",0,1,0,0,0,1,NA,4,0,3,0.2,90.9090909090909,59
"1103",1,0,1,0,0,1,44,3,0,2,0,0,49
"1104",0,1,1,0,1,1,9,2,0,2,0.6,0,34
"1105",0,1,0,0,0,3,5,3,1,3,0.4,45.4545454545455,51
"1106",1,1,1,1,0,1,12,3,0,3,0.2,18.1818181818182,44
"1107",1,0,0,0,0,NA,88,3,0,3,0.2,NA,43
"1108",1,0,0,0,0,1,NA,4,0,1,0.8,18.1818181818182,41
"1109",1,1,1,1,0,2,15,2,0,2,0.4,18.1818181818182,44
"1110",1,1,1,0,0,1,7,3,0,3,0,36.3636363636364,43
"1111",1,0,1,1,0,2,5,3,0,2,0.2,9.09090909090909,50
