"","female","married","worried_corona","inc_low","edu_high","foreign_born","inactive_worker","rent","age","far_right"
"1",1,1,4,0,1,0,0,1,52,73
"2",1,0,2,0,0,0,0,0,65,9
"3",1,1,3,1,0,0,1,1,35,0
"4",1,0,2,0,1,1,0,0,61,0
"5",1,0,2,0,1,0,0,0,29,18
"6",1,0,4,0,1,0,0,0,57,NA
"7",1,1,2,0,0,0,0,0,40,73
"8",1,0,3,1,0,0,1,1,52,NA
"9",0,1,4,1,0,0,1,0,59,64
"10",1,1,3,0,1,0,0,0,39,0
"11",1,0,3,1,0,0,0,1,58,82
"12",0,0,2,1,0,0,0,1,58,45
"13",0,1,3,1,1,0,0,1,28,0
"14",1,1,3,0,0,0,0,0,52,9
"15",0,0,2,1,0,0,1,0,63,0
"16",1,1,2,0,0,0,0,0,42,0
"17",1,0,2,1,0,0,1,1,48,45
"18",0,1,2,0,1,0,1,0,57,0
"19",1,0,4,1,0,0,1,0,59,64
"20",1,0,3,1,0,0,0,0,51,27
"21",1,0,4,1,1,0,1,1,64,55
"22",1,1,2,1,0,0,1,0,42,9
"23",1,1,2,0,0,0,0,1,58,18
"24",1,1,3,0,1,0,1,0,76,64
"25",1,1,4,0,1,0,0,1,26,0
"26",1,0,3,0,1,0,1,0,49,0
"27",1,0,3,0,0,0,1,0,66,9
"28",0,1,4,0,1,0,1,1,70,45
"29",1,0,4,1,1,0,1,0,45,64
"30",1,1,3,0,0,1,1,0,73,9
"31",1,0,4,0,1,0,1,0,76,18
"32",1,0,4,0,1,0,0,0,48,27
"33",0,1,3,0,1,0,1,0,68,0
"34",0,0,4,1,1,0,0,1,49,0
"35",0,1,1,1,0,0,0,1,39,0
"36",0,1,2,1,0,0,1,1,66,9
"37",1,1,3,0,1,1,0,1,49,0
"38",1,1,2,0,0,0,0,0,35,64
"39",0,1,2,0,1,0,0,0,36,45
"40",1,0,2,1,1,0,1,0,37,0
"41",0,0,4,0,1,0,0,0,41,9
"42",1,0,1,1,1,0,0,1,53,9
"43",1,1,4,0,1,0,0,0,31,0
"44",0,1,2,0,0,0,0,0,26,0
"45",1,1,4,0,1,0,0,0,44,0
"46",0,0,4,0,1,0,0,1,42,36
"47",0,1,2,0,1,0,0,0,44,82
"48",1,1,3,0,0,0,1,0,76,45
"49",0,0,2,0,1,1,0,0,54,91
"50",1,1,2,0,0,0,0,0,58,27
"51",1,0,3,1,1,0,0,0,44,0
"52",1,0,3,0,1,0,0,0,53,0
"53",1,0,1,0,1,0,0,0,41,0
"54",1,0,1,0,1,0,0,1,40,NA
"55",1,1,2,0,1,0,0,0,36,0
"56",0,0,4,1,0,0,1,1,69,73
"57",0,0,3,0,1,0,0,0,44,0
"58",1,1,2,0,1,0,1,0,47,45
"59",0,0,3,0,1,0,0,1,64,0
"60",1,0,3,0,0,0,0,1,52,27
"61",0,1,3,0,1,0,0,0,53,0
"62",0,0,3,1,1,0,1,1,40,45
"63",0,1,3,0,1,0,0,0,35,0
"64",0,0,3,0,0,0,1,1,68,0
"65",1,0,4,0,1,0,0,0,56,0
"66",0,1,4,0,0,0,1,0,75,0
"67",1,0,4,1,0,0,1,0,50,55
"68",1,1,2,0,1,0,0,0,37,18
"69",1,1,3,1,1,0,1,1,58,73
"70",1,0,2,1,1,0,0,0,47,73
"71",1,0,3,0,1,0,0,0,46,27
"72",1,0,3,0,0,0,1,0,57,18
"73",0,1,3,0,1,0,0,0,50,0
"74",0,0,2,0,1,0,0,1,35,0
"75",0,0,2,0,1,1,1,1,68,36
"76",1,0,2,1,0,0,1,0,49,NA
"77",0,1,3,0,1,0,0,0,50,0
"78",1,1,3,0,1,0,0,0,42,27
"79",1,0,2,0,1,0,0,0,48,0
"80",1,0,3,0,1,0,0,0,46,0
"81",1,1,2,1,1,0,0,0,56,0
"82",1,1,4,1,1,1,1,1,45,NA
"83",1,1,2,0,1,0,0,0,37,0
"84",0,1,3,0,0,0,1,0,67,0
"85",0,1,4,0,0,1,0,1,48,0
"86",0,1,3,0,1,0,1,0,68,36
"87",1,0,3,0,1,0,0,1,29,55
"88",1,0,1,1,1,0,1,0,23,0
"89",1,0,2,1,1,0,1,0,21,NA
"90",1,0,3,0,1,0,1,1,73,9
"91",0,0,3,0,1,0,0,1,23,45
"92",0,0,3,0,1,0,0,0,53,0
"93",1,1,3,0,1,0,0,0,48,0
"94",1,0,2,0,0,0,0,0,44,0
"95",0,1,2,0,1,1,0,1,34,45
"96",1,1,3,0,0,0,0,0,32,55
"97",1,1,2,0,1,0,0,0,52,18
"98",1,0,4,1,1,0,1,0,51,73
"99",0,0,1,1,1,0,1,1,66,91
"100",1,0,4,0,0,0,0,1,59,0
"101",1,1,4,0,1,0,0,0,40,NA
"102",0,1,3,1,1,0,0,0,57,45
"103",1,1,2,0,1,0,0,0,43,55
"104",0,1,4,0,0,0,1,0,50,64
"105",1,0,2,0,1,0,0,0,56,0
"106",0,0,3,0,1,0,1,0,72,0
"107",1,0,3,1,1,0,0,1,45,0
"108",1,0,3,0,1,0,0,1,49,0
"109",1,1,2,0,0,0,0,0,54,9
"110",0,0,2,0,1,0,0,1,35,0
"111",0,0,3,1,0,0,1,1,68,0
"112",1,1,3,0,1,0,0,0,43,27
"113",0,0,3,0,1,0,0,1,48,0
"114",1,1,3,0,1,0,0,0,19,9
"115",1,0,3,0,0,0,1,1,38,18
"116",1,0,3,1,1,0,0,1,25,0
"117",1,0,3,1,1,0,0,1,35,0
"118",0,1,3,0,1,0,1,0,72,0
"119",1,0,2,0,0,0,0,0,45,45
"120",1,0,3,1,0,0,1,1,49,0
"121",1,0,3,1,1,0,1,0,21,0
"122",0,1,2,0,1,0,1,0,73,36
"123",1,1,4,0,1,0,0,0,53,45
"124",1,0,4,0,1,0,0,1,54,0
"125",1,1,3,0,0,0,0,1,52,0
"126",1,1,3,0,1,0,0,0,49,9
"127",1,0,3,1,0,0,0,1,61,36
"128",0,1,4,0,1,0,1,0,87,9
"129",1,0,3,1,0,0,1,1,55,0
"130",0,0,1,1,0,0,0,1,41,36
"131",0,0,4,0,0,0,1,1,33,0
"132",1,0,2,0,1,0,0,1,40,18
"133",1,0,3,1,0,0,0,0,39,0
"134",0,0,2,0,1,0,0,1,27,64
"135",1,0,2,0,0,0,1,1,31,64
"136",1,1,2,0,1,0,0,0,51,0
"137",1,0,3,0,1,0,0,0,50,27
"138",0,1,3,0,1,0,0,0,38,9
"139",1,0,4,0,0,0,1,0,21,55
"140",1,1,4,0,1,0,0,0,41,27
"141",0,0,3,0,1,0,0,0,59,64
"142",0,1,3,0,1,0,0,1,60,0
"143",1,1,4,1,0,0,0,0,49,9
"144",1,0,4,0,0,0,1,0,19,55
"145",0,0,3,0,1,0,0,0,29,0
"146",1,0,4,0,1,0,0,0,46,64
"147",1,0,4,0,0,0,0,1,52,82
"148",1,1,4,0,1,0,1,0,72,64
"149",0,1,3,0,1,0,0,0,42,0
"150",1,0,2,0,1,0,0,0,66,9
"151",0,1,3,0,0,0,1,0,71,9
"152",1,0,1,0,1,0,1,1,21,0
"153",0,0,3,0,1,0,0,0,55,36
"154",0,1,2,0,1,0,1,0,66,9
"155",0,1,3,0,1,0,0,0,33,0
"156",1,0,3,1,1,0,0,0,54,36
"157",0,0,4,0,1,0,0,0,32,45
"158",1,0,4,1,0,0,1,0,63,27
"159",0,1,3,0,1,0,0,0,36,27
"160",0,1,2,0,0,0,1,0,67,0
"161",1,1,2,0,1,0,0,0,38,45
"162",0,1,3,0,1,0,1,0,79,9
"163",0,1,2,0,1,0,0,1,30,18
"164",0,0,3,1,0,0,1,1,40,18
"165",0,0,1,1,1,0,1,1,70,82
"166",1,1,2,0,0,0,1,0,81,0
"167",1,1,4,0,0,0,0,1,55,27
"168",0,0,3,0,1,0,0,0,26,0
"169",1,1,4,0,1,0,0,0,43,0
"170",0,1,2,0,0,0,1,0,70,27
"171",1,0,4,0,1,0,1,0,44,0
"172",1,1,1,0,1,0,0,0,43,36
"173",0,1,3,0,0,0,1,1,69,27
"174",1,0,4,0,0,0,0,0,44,9
"175",0,1,2,0,0,0,1,0,72,0
"176",1,0,2,1,1,0,0,0,59,0
"177",0,1,2,0,0,0,1,0,66,9
"178",1,0,4,1,0,0,1,0,69,73
"179",0,1,3,0,1,0,0,0,38,45
"180",0,1,2,0,0,0,1,0,62,36
"181",0,0,4,1,1,0,0,0,36,64
"182",1,1,3,0,1,0,1,0,43,18
"183",0,0,3,1,0,0,1,0,33,9
"184",0,1,2,0,1,0,0,0,61,0
"185",1,1,1,0,1,0,0,0,52,18
"186",1,0,2,0,1,0,0,0,42,0
"187",1,0,4,0,1,0,0,0,36,82
"188",1,1,2,0,0,0,1,0,67,0
"189",1,0,1,0,1,0,0,0,29,73
"190",0,1,3,0,0,0,1,1,70,9
"191",1,1,2,0,0,0,1,0,64,0
"192",1,0,2,0,1,0,0,1,29,27
"193",1,1,3,1,0,0,1,1,59,18
"194",1,1,3,0,1,0,1,0,70,0
"195",1,1,4,0,1,0,0,0,55,36
"196",1,1,2,0,1,0,0,0,44,0
"197",1,0,2,0,1,0,0,0,57,0
"198",1,1,4,1,1,0,1,0,55,18
"199",1,1,3,1,1,0,0,0,55,27
"200",1,0,3,1,0,0,0,1,45,27
"201",1,0,3,1,1,0,1,0,79,36
"202",1,1,3,1,0,0,0,0,43,36
"203",0,1,3,0,0,0,1,0,71,9
"204",1,0,4,0,0,0,1,0,69,0
"205",1,1,3,0,0,0,1,0,69,64
"206",0,1,4,0,1,0,0,0,49,55
"207",0,0,3,1,0,0,1,0,70,73
"208",1,0,3,1,1,0,0,1,43,0
"209",0,1,3,0,0,0,1,1,75,64
"210",0,0,1,0,1,0,1,0,75,0
"211",1,0,2,0,1,0,1,0,28,45
"212",0,1,3,0,0,0,0,0,47,0
"213",1,1,3,0,1,0,0,1,27,45
"214",1,1,4,0,0,0,0,1,29,0
"215",0,1,4,0,1,0,1,0,76,45
"216",0,0,4,0,1,0,0,1,33,NA
"217",0,1,3,0,1,0,1,0,65,9
"218",1,0,4,1,0,0,1,1,67,9
"219",1,0,2,0,1,0,0,0,46,0
"220",0,0,2,0,1,0,0,0,50,27
"221",1,0,2,1,0,0,1,0,62,73
"222",1,0,4,1,0,0,1,1,65,45
"223",0,0,4,1,0,0,1,1,71,9
"224",0,0,2,1,1,0,1,1,79,NA
"225",0,0,2,0,1,0,0,1,28,0
"226",1,1,3,0,1,0,0,0,39,36
"227",1,1,4,0,0,0,1,0,64,0
"228",0,1,3,0,1,0,1,0,71,0
"229",1,1,3,0,1,0,0,0,46,0
"230",0,1,3,0,1,0,0,0,49,9
"231",0,1,4,0,1,0,0,0,47,64
"232",0,0,4,1,0,0,0,0,47,45
"233",0,1,3,0,0,0,0,0,62,18
"234",1,1,1,0,0,0,0,0,50,9
"235",0,1,4,0,0,0,1,1,77,9
"236",0,1,1,0,1,0,0,0,29,64
"237",0,0,4,0,1,0,1,0,64,82
"238",1,1,4,0,1,0,1,0,71,0
"239",0,0,3,0,1,0,1,1,65,0
"240",1,1,4,0,0,0,1,0,65,0
"241",0,0,3,0,0,0,1,0,20,18
"242",1,1,2,0,1,0,1,0,75,9
"243",0,0,2,1,0,0,1,0,67,82
"244",1,0,3,1,0,0,1,1,75,0
"245",0,1,4,0,1,0,1,0,74,0
"246",0,1,4,0,1,0,0,0,40,0
"247",1,1,2,0,1,0,0,0,43,0
"248",1,0,2,1,0,0,1,1,64,91
"249",1,1,3,0,1,0,0,0,47,9
"250",1,1,2,0,0,0,0,0,42,18
"251",1,1,4,0,0,0,0,0,51,0
"252",1,0,4,0,1,0,0,1,29,0
"253",0,1,2,0,1,0,0,1,43,18
"254",1,1,3,0,0,0,0,0,55,64
"255",0,1,3,0,1,0,0,0,31,73
"256",1,1,2,0,1,0,1,1,64,73
"257",0,0,3,1,1,0,0,1,53,0
"258",0,1,3,0,0,0,1,0,68,18
"259",1,0,1,1,0,0,0,0,36,0
"260",1,1,2,0,0,0,1,0,59,0
"261",0,0,4,0,1,1,0,1,35,0
"262",0,1,4,0,0,0,1,0,66,9
"263",1,1,4,0,0,0,0,0,55,0
"264",0,1,4,0,0,0,0,0,44,91
"265",0,0,3,1,0,0,1,1,70,27
"266",1,1,3,0,0,0,0,0,59,18
"267",0,1,2,0,0,0,0,0,57,64
"268",0,1,3,0,1,0,0,0,36,36
"269",1,1,2,0,1,0,0,0,28,0
"270",0,1,3,0,1,0,1,0,73,18
"271",0,0,3,0,1,0,0,0,46,18
"272",0,0,3,1,0,0,1,1,70,0
"273",1,1,4,0,0,0,1,1,71,18
"274",0,0,2,0,0,0,1,0,19,27
"275",1,1,2,0,0,0,1,0,57,45
"276",0,0,3,0,0,0,1,0,72,27
"277",0,1,2,0,1,0,0,0,25,64
"278",1,1,3,0,1,0,0,0,40,82
"279",0,1,3,0,0,0,1,0,64,27
"280",0,1,3,0,0,0,0,0,35,0
"281",1,0,4,1,1,0,1,1,75,0
"282",0,1,3,0,1,0,1,0,69,9
"283",1,1,4,0,1,0,0,1,49,0
"284",1,0,2,0,0,0,0,0,48,9
"285",1,0,3,0,1,0,0,0,50,9
"286",1,0,4,0,0,0,0,0,40,0
"287",1,1,4,0,1,0,0,0,58,91
"288",1,1,3,1,0,0,1,1,67,18
"289",0,0,3,0,1,1,0,0,58,9
"290",1,1,2,0,1,0,1,1,55,36
"291",1,1,4,0,1,0,0,0,65,82
"292",0,1,3,0,0,0,1,0,77,0
"293",0,0,3,0,0,0,1,0,22,0
"294",0,0,2,0,1,0,0,0,34,18
"295",1,0,3,0,1,0,0,0,42,0
"296",1,0,3,0,1,0,1,1,48,0
"297",1,1,3,0,0,0,0,0,57,64
"298",1,1,2,0,1,0,0,1,46,0
"299",1,0,4,0,1,0,0,0,40,0
"300",0,1,3,0,1,0,0,0,33,0
"301",0,0,4,1,1,0,0,1,30,9
"302",0,0,2,0,0,0,1,1,33,45
"303",1,1,2,0,0,0,0,0,56,64
"304",0,1,3,0,1,0,0,0,65,55
"305",1,0,4,0,1,0,0,1,36,0
"306",1,0,2,1,0,0,0,1,63,0
"307",0,1,4,0,0,0,1,0,68,9
"308",1,1,4,0,1,1,1,0,75,18
"309",0,1,2,0,0,0,1,0,72,18
"310",0,0,3,0,1,0,1,0,76,0
"311",1,1,1,0,1,0,0,0,48,0
"312",0,0,4,0,1,0,0,0,58,0
"313",0,0,2,1,1,0,1,1,29,0
"314",1,0,2,0,0,0,0,0,38,82
"315",1,0,2,1,0,0,0,1,28,64
"316",0,1,3,0,0,0,1,0,74,45
"317",1,1,2,0,1,0,1,0,60,0
"318",0,1,4,0,0,1,0,1,28,27
"319",1,0,3,1,1,0,0,0,48,0
"320",1,0,2,0,1,0,0,0,51,9
"321",1,1,3,0,0,0,1,0,54,0
"322",1,0,3,0,1,0,0,0,46,73
"323",0,0,3,1,0,0,1,1,69,0
"324",1,1,3,0,0,0,1,0,76,9
"325",0,1,2,0,0,0,1,0,66,0
"326",0,1,1,0,0,0,0,0,36,91
"327",0,0,4,0,1,0,0,0,50,0
"328",1,1,2,1,0,0,1,0,54,91
"329",0,1,4,0,0,0,0,0,54,73
"330",0,1,2,0,1,0,1,0,64,0
"331",0,1,3,0,1,0,1,0,73,82
"332",1,0,2,0,0,0,1,0,72,18
"333",0,0,2,0,0,0,1,1,69,0
"334",1,1,3,0,1,0,0,0,31,73
"335",0,0,1,0,1,0,0,0,56,0
"336",0,1,3,0,1,0,1,0,71,0
"337",0,1,3,0,0,0,1,0,71,64
"338",1,1,3,0,0,0,1,0,69,0
"339",1,0,3,1,1,0,0,1,67,9
"340",0,1,2,0,1,0,1,0,67,9
"341",0,1,3,0,1,0,1,0,71,0
"342",1,1,3,0,1,0,0,0,43,0
"343",1,0,3,0,1,0,0,1,32,0
"344",1,0,2,0,1,0,0,0,60,9
"345",0,1,3,0,1,0,1,0,74,9
"346",1,0,3,0,0,0,1,0,68,9
"347",0,0,3,0,1,0,0,0,31,9
"348",0,1,2,0,1,0,0,0,65,9
"349",0,1,3,0,1,0,0,0,35,82
"350",0,0,4,0,1,1,1,0,74,36
"351",1,1,4,0,1,0,1,0,65,18
"352",1,1,3,0,0,0,0,1,49,18
"353",1,0,3,0,0,0,1,1,60,NA
"354",1,0,1,0,0,0,0,1,22,9
"355",1,1,3,0,1,0,1,1,55,NA
"356",1,1,3,0,1,0,1,0,69,45
"357",1,0,3,1,1,0,1,1,53,0
"358",0,0,1,1,1,0,1,1,27,27
"359",0,1,4,0,0,0,0,0,59,0
"360",0,1,2,0,0,0,1,0,66,0
"361",1,0,2,1,1,0,1,1,73,82
"362",1,0,4,0,1,0,0,0,41,0
"363",0,0,2,0,1,0,0,0,40,73
"364",1,0,3,1,0,0,1,1,69,0
"365",0,1,4,0,0,0,0,0,53,9
"366",1,1,3,1,0,0,1,1,61,64
"367",0,0,3,1,0,0,0,1,64,36
"368",1,0,4,1,0,0,1,1,50,45
"369",1,0,2,0,1,0,0,0,42,45
"370",1,0,2,0,1,0,1,0,72,73
"371",1,1,4,0,0,0,0,0,60,45
"372",1,0,2,0,1,0,0,0,56,0
"373",1,1,4,0,1,0,1,0,76,9
"374",1,1,3,0,0,0,1,1,66,18
"375",1,0,2,1,1,0,1,1,23,0
"376",0,1,2,0,1,0,0,0,52,18
"377",0,1,3,0,1,0,0,1,35,0
"378",1,0,2,1,1,1,1,1,58,9
"379",1,1,4,0,0,0,1,1,49,73
"380",0,0,3,0,1,0,1,1,75,64
"381",0,1,3,0,1,0,1,1,76,0
"382",0,1,3,1,0,0,1,0,74,0
"383",1,1,3,0,1,0,1,1,67,45
"384",0,1,3,0,1,0,1,0,71,91
"385",1,1,4,0,0,0,1,0,75,82
"386",0,0,2,1,1,0,1,0,62,18
"387",1,0,2,0,0,0,0,0,49,36
"388",1,0,3,0,1,0,1,0,68,9
"389",1,1,4,0,1,0,0,0,64,64
"390",1,1,3,0,1,0,1,0,63,9
"391",0,1,3,0,1,0,0,1,30,64
"392",1,1,4,0,0,0,0,1,47,45
"393",1,1,4,0,1,0,0,1,42,45
"394",1,0,3,0,1,0,0,0,43,0
"395",0,1,3,0,1,0,1,0,73,45
"396",1,0,3,1,0,0,0,1,32,NA
"397",1,0,3,0,0,0,0,1,33,0
"398",1,0,3,1,0,0,0,1,47,45
"399",0,0,1,0,1,0,0,0,47,0
"400",0,1,3,0,0,0,0,0,56,45
"401",0,1,3,1,1,0,0,0,65,64
"402",0,0,3,0,1,0,0,0,32,55
"403",0,0,2,0,1,0,0,1,48,64
"404",1,1,4,0,1,1,0,1,37,45
"405",1,1,2,0,1,0,1,0,56,27
"406",1,1,3,0,1,0,0,0,35,73
"407",0,0,3,0,1,1,1,0,74,18
"408",1,0,3,1,1,0,1,1,46,18
"409",1,0,2,1,1,0,0,0,40,0
"410",0,1,3,0,1,0,0,0,44,73
"411",0,0,3,1,1,0,1,0,39,0
"412",1,0,3,0,1,0,1,0,70,0
"413",1,1,2,0,1,0,0,0,45,9
"414",1,1,3,0,1,0,1,0,79,27
"415",1,1,3,0,0,0,0,1,40,45
"416",1,1,3,0,0,0,1,0,64,45
"417",1,0,3,0,1,0,0,1,59,0
"418",0,1,3,1,0,0,1,0,62,0
"419",0,0,3,1,1,0,1,1,31,0
"420",0,1,3,0,1,1,0,0,56,18
"421",0,1,3,0,1,0,1,1,76,27
"422",0,1,3,0,0,0,0,0,49,36
"423",1,0,3,1,0,0,1,1,79,45
"424",0,1,3,0,1,0,1,0,74,0
"425",1,0,2,0,0,0,1,0,74,45
"426",1,0,2,1,1,0,1,1,54,91
"427",0,1,2,0,0,0,0,0,47,64
"428",1,1,2,0,1,0,1,0,77,0
"429",0,0,2,1,0,0,0,1,33,27
"430",0,1,3,0,1,0,0,0,44,0
"431",0,1,3,0,0,0,1,0,75,0
"432",1,1,3,0,1,0,0,0,32,45
"433",0,0,3,1,1,0,0,0,26,0
"434",0,0,2,1,1,0,0,1,23,0
"435",1,0,3,1,1,0,1,0,66,0
"436",1,1,2,0,1,1,0,0,52,55
"437",1,0,4,1,1,0,0,0,47,0
"438",0,1,3,0,1,0,0,0,51,0
"439",1,1,4,0,0,0,1,0,61,64
"440",1,1,2,1,0,0,0,1,58,45
"441",1,1,3,0,1,0,0,1,56,27
"442",1,0,2,1,0,0,0,1,53,0
"443",0,1,1,0,1,0,0,0,72,73
"444",0,0,3,1,1,0,0,0,45,18
"445",1,1,3,0,1,0,1,0,72,0
"446",1,1,3,0,1,0,0,0,50,82
"447",1,0,3,0,1,0,0,0,27,9
"448",1,0,3,0,1,0,1,1,72,0
"449",1,0,3,1,0,0,0,1,49,0
"450",1,0,3,1,0,0,0,1,36,36
"451",1,0,3,0,0,0,0,1,51,NA
"452",0,0,3,0,0,0,1,0,61,9
"453",0,1,2,0,0,0,0,0,59,0
"454",0,0,3,1,0,1,1,0,70,91
"455",1,1,3,0,0,0,0,0,55,NA
"456",1,1,2,0,1,0,1,0,63,0
"457",1,1,2,0,1,0,1,0,51,0
"458",0,1,4,0,0,0,0,0,48,45
"459",0,1,3,0,1,0,0,0,32,9
"460",1,1,3,0,1,0,0,0,60,18
"461",0,1,4,0,1,0,0,0,27,NA
"462",0,0,4,1,0,1,1,1,68,45
"463",1,1,3,0,0,0,0,0,49,27
"464",1,0,3,1,1,0,1,0,73,0
"465",1,0,3,1,0,0,0,0,60,82
"466",1,0,3,1,1,0,0,1,36,0
"467",1,0,3,1,1,0,1,0,42,27
"468",1,1,3,0,1,0,0,0,53,45
"469",0,0,3,1,1,0,0,0,36,45
"470",0,0,2,0,1,0,1,0,63,27
"471",0,0,3,0,1,0,0,1,32,73
"472",0,0,4,0,1,0,1,0,82,0
"473",1,0,4,1,0,0,0,1,28,0
"474",1,0,2,0,0,0,0,0,33,64
"475",0,0,1,1,0,0,0,1,45,45
"476",1,0,3,1,0,0,1,1,56,9
"477",0,1,2,0,1,0,0,0,30,0
"478",1,0,2,1,0,0,1,1,56,73
"479",1,1,4,1,0,1,1,1,58,27
"480",1,0,2,1,1,0,0,0,39,9
"481",0,1,2,0,0,0,0,0,46,0
"482",1,0,3,0,1,0,0,0,53,45
"483",0,0,3,0,0,0,0,0,58,36
"484",1,0,3,1,1,0,0,1,60,0
"485",0,0,3,0,1,0,0,1,44,9
"486",1,1,3,0,1,0,0,0,51,0
"487",1,1,2,0,1,0,1,1,75,73
"488",0,0,2,0,0,0,1,0,68,0
"489",1,0,2,0,0,0,0,0,44,9
"490",1,1,3,0,1,0,0,0,37,73
"491",1,1,2,0,1,0,1,0,74,0
"492",1,1,2,0,1,0,0,0,52,9
"493",1,0,3,0,1,0,0,1,57,0
"494",1,0,2,0,1,0,0,0,47,0
"495",0,1,3,0,1,0,0,0,34,55
"496",1,1,4,0,0,0,1,0,68,55
"497",1,0,4,0,1,0,0,0,46,0
"498",1,0,4,0,0,0,0,1,44,0
"499",0,1,2,0,1,0,0,0,31,9
"500",0,1,3,0,1,0,0,0,50,18
"501",0,1,3,0,0,0,1,0,72,0
"502",1,0,2,0,1,0,0,1,36,9
"503",1,1,3,0,0,0,1,0,61,82
"504",0,0,3,0,1,0,0,1,57,9
"505",1,1,4,1,1,0,0,1,23,0
"506",0,1,3,0,1,0,0,0,52,55
"507",0,1,3,0,0,0,0,0,50,0
"508",1,1,3,0,1,0,1,0,58,36
"509",0,1,3,0,1,0,0,0,35,36
"510",1,1,3,0,1,0,1,0,69,9
"511",1,1,3,0,1,0,0,0,45,9
"512",0,0,4,0,0,0,0,1,34,82
"513",1,0,2,0,1,0,1,0,68,0
"514",1,0,2,1,1,0,1,0,72,18
"515",0,0,2,0,0,0,1,1,39,0
"516",0,0,2,0,1,0,1,1,28,0
"517",0,1,2,0,0,0,0,0,46,73
"518",0,1,2,0,0,0,1,1,78,0
"519",1,1,3,0,1,0,0,0,37,0
"520",1,0,3,1,0,0,1,0,69,64
"521",1,0,3,1,0,0,0,1,55,0
"522",0,1,2,0,0,1,1,0,61,0
"523",1,0,4,0,1,0,1,0,79,9
"524",1,1,2,0,1,0,0,0,33,9
"525",0,1,3,0,1,0,0,0,35,55
"526",0,0,4,1,1,0,0,1,52,9
"527",0,1,2,0,1,0,1,0,71,0
"528",1,0,3,1,0,0,0,0,61,18
"529",1,1,2,1,1,0,1,0,42,0
"530",0,1,2,0,0,0,0,0,48,55
"531",0,0,2,0,1,0,0,1,29,36
"532",1,1,3,0,1,0,1,0,69,0
"533",1,0,3,1,1,0,1,1,21,36
"534",1,0,4,0,1,0,1,0,71,82
"535",1,1,3,1,1,0,0,0,39,NA
"536",1,0,3,1,0,0,1,1,35,91
"537",1,0,3,1,1,0,1,0,45,0
"538",0,1,3,0,0,0,0,0,57,73
"539",0,1,3,0,1,0,0,1,49,0
"540",1,1,3,0,1,0,0,0,32,91
"541",0,0,2,0,1,0,0,0,43,0
"542",0,1,4,0,0,0,0,1,36,18
"543",0,0,2,1,1,0,0,0,30,27
"544",1,1,2,0,1,0,0,0,41,0
"545",1,0,2,1,0,0,1,1,32,0
"546",1,1,4,0,1,0,0,1,56,0
"547",0,1,4,0,0,0,1,1,66,73
"548",0,0,3,0,0,0,0,0,33,91
"549",1,1,2,0,1,0,0,0,45,55
"550",1,0,4,0,1,0,0,0,50,0
"551",1,0,3,0,1,0,0,0,51,64
"552",1,1,2,0,1,0,0,1,48,9
"553",0,0,2,0,1,0,0,0,61,55
"554",1,1,3,0,0,0,1,0,60,9
"555",1,1,1,0,1,1,1,0,69,27
"556",1,0,4,0,1,0,0,0,48,0
"557",1,0,1,0,0,0,1,0,69,36
"558",1,0,4,0,0,0,0,0,58,82
"559",1,0,3,0,1,0,0,1,47,0
"560",0,1,4,0,0,0,1,0,76,45
"561",0,0,4,1,1,0,0,0,41,64
"562",1,0,3,1,0,0,0,1,53,64
"563",1,1,2,0,1,0,0,0,46,9
"564",1,1,3,0,1,0,0,0,51,45
"565",1,0,4,1,1,0,0,1,57,0
"566",1,1,3,0,1,0,0,0,48,0
"567",1,1,4,0,1,0,0,0,50,27
"568",0,0,3,0,0,0,0,0,50,9
"569",0,1,2,0,1,0,0,0,34,NA
"570",0,0,4,0,1,0,0,1,51,0
"571",1,0,3,0,1,0,1,1,22,0
"572",1,0,1,1,1,0,1,1,65,0
"573",0,0,2,0,1,0,1,0,73,0
"574",1,0,4,0,1,0,0,0,49,64
"575",0,0,2,0,1,0,0,0,49,0
"576",1,1,4,1,1,0,0,1,40,9
"577",0,0,3,0,0,0,0,1,60,9
"578",0,1,2,0,1,0,0,1,35,0
"579",1,0,2,1,1,0,0,0,57,9
"580",1,0,3,0,1,0,1,0,48,0
"581",1,1,3,1,0,0,0,1,35,45
"582",1,1,3,0,0,0,0,0,55,0
"583",0,1,3,0,1,0,1,0,76,0
"584",0,1,3,0,0,0,0,0,34,73
"585",1,1,4,0,1,0,1,0,72,55
"586",1,0,2,0,1,0,0,1,58,0
"587",1,0,4,1,0,0,1,1,31,64
"588",1,1,4,0,0,0,1,1,63,0
"589",0,0,2,1,1,0,1,1,38,36
"590",0,1,3,0,0,0,0,0,44,NA
"591",1,1,3,0,0,0,1,0,63,NA
"592",1,1,2,0,0,0,1,0,37,73
"593",0,1,2,0,0,0,0,1,60,36
"594",0,0,3,0,1,0,0,0,65,0
"595",0,0,3,1,0,0,0,0,49,27
"596",1,0,2,0,0,0,1,0,73,0
"597",1,1,4,0,1,0,1,0,67,9
"598",1,0,2,0,1,1,1,1,20,64
"599",0,0,3,0,1,0,0,1,43,9
"600",1,0,4,1,0,0,1,1,62,45
"601",0,1,3,0,1,0,0,0,45,0
"602",1,0,3,1,0,0,1,1,59,45
"603",1,0,3,0,1,0,0,0,27,0
"604",0,0,2,0,1,0,0,0,35,0
"605",0,1,2,0,1,0,0,0,54,55
"606",0,1,3,0,1,0,1,0,71,0
"607",0,1,2,0,1,0,1,0,80,0
"608",0,1,2,0,0,0,0,1,34,55
"609",1,0,3,0,1,0,0,1,35,27
"610",1,1,3,0,1,0,0,0,52,9
"611",0,1,3,0,0,0,0,0,57,0
"612",1,1,2,0,1,0,0,0,41,9
"613",1,1,3,0,0,0,1,0,71,9
"614",0,1,3,0,1,1,1,0,66,0
"615",0,1,3,0,0,0,1,0,70,0
"616",0,1,1,0,0,0,0,0,63,45
"617",1,1,4,1,0,0,1,0,64,0
"618",0,0,4,0,1,0,0,1,35,9
"619",1,1,3,0,0,0,0,0,48,55
"620",1,1,3,1,0,0,1,1,29,0
"621",1,0,2,0,1,0,0,1,71,0
"622",0,1,2,0,1,0,1,0,67,36
"623",0,1,1,0,0,0,0,0,59,9
"624",0,1,1,0,0,0,0,1,40,0
"625",0,0,2,0,1,0,0,1,52,18
"626",1,0,4,1,1,0,0,0,47,91
"627",1,0,3,1,1,0,0,1,48,73
"628",1,0,3,1,0,0,0,1,66,36
"629",0,0,2,0,0,0,1,0,68,73
"630",1,0,3,0,1,0,0,0,48,0
"631",0,0,1,1,0,0,0,0,58,0
"632",1,1,4,0,0,0,1,0,70,18
"633",1,0,4,1,1,0,1,1,75,9
"634",0,0,2,1,0,0,0,1,36,0
"635",0,1,3,0,1,0,1,1,71,45
"636",0,1,3,0,0,0,1,0,62,73
"637",1,0,2,1,1,0,0,0,49,0
"638",1,0,2,1,0,0,0,0,63,0
"639",1,1,4,0,1,0,0,0,55,73
"640",1,0,3,0,1,0,1,0,61,NA
"641",0,1,2,0,0,0,1,0,59,18
"642",0,1,3,0,1,0,0,0,49,9
"643",1,1,3,0,0,0,1,0,65,0
"644",0,1,3,1,0,0,1,0,80,9
"645",0,0,3,0,0,0,0,0,28,64
"646",0,0,2,0,0,0,1,0,74,18
"647",1,0,2,0,1,1,1,0,65,0
"648",0,1,3,0,1,0,1,0,32,27
"649",1,1,4,1,0,0,1,1,66,45
"650",0,1,2,0,1,0,0,0,30,0
"651",0,1,3,0,1,0,0,0,67,0
"652",0,1,4,0,0,0,1,0,68,0
"653",0,0,4,0,1,1,1,1,28,0
"654",0,0,4,1,1,0,1,1,23,0
"655",0,1,4,0,1,0,1,0,78,55
"656",0,1,3,0,1,0,0,0,35,0
"657",0,1,3,0,0,0,1,1,69,27
"658",0,1,2,0,0,0,1,1,70,91
"659",1,1,4,0,1,0,0,0,46,NA
"660",0,1,3,0,1,0,1,0,75,9
"661",1,0,3,1,0,1,1,0,79,9
"662",0,0,4,0,0,0,0,1,35,82
"663",0,1,3,0,0,0,0,1,69,0
"664",0,1,4,1,0,0,1,0,72,45
"665",1,1,3,0,1,0,0,1,40,45
"666",0,1,4,1,0,0,1,0,85,NA
"667",1,0,3,0,0,0,1,0,67,18
"668",0,0,3,0,0,0,0,0,61,36
"669",0,1,3,0,0,0,0,0,31,91
"670",0,1,3,0,1,0,0,0,67,0
"671",0,1,3,0,1,0,0,0,64,0
"672",0,0,2,1,1,0,1,0,73,9
"673",0,0,2,0,1,0,1,0,76,82
"674",0,0,3,0,1,0,0,0,32,18
"675",0,1,2,1,1,0,1,1,77,91
"676",0,0,4,1,0,0,0,0,22,64
"677",0,1,2,1,0,0,1,0,76,27
"678",0,1,3,0,1,0,1,0,67,0
"679",1,0,3,1,0,0,1,1,33,82
"680",0,1,2,0,0,0,1,0,76,27
"681",0,1,3,0,0,0,1,0,78,0
"682",1,1,4,0,0,0,1,0,76,NA
"683",0,1,2,0,1,0,1,0,70,18
"684",0,1,3,0,0,0,1,0,72,55
"685",1,0,3,0,0,0,1,0,72,0
"686",0,1,3,0,1,0,1,0,69,0
"687",0,0,4,0,0,0,0,1,34,91
"688",0,1,4,1,0,0,1,0,64,27
"689",1,1,4,0,1,0,0,1,51,45
"690",0,1,2,0,1,0,0,1,34,0
"691",1,0,2,0,0,0,1,0,74,9
"692",0,1,3,0,1,0,1,0,74,27
"693",0,0,2,1,1,0,0,1,24,0
"694",0,1,4,0,0,0,1,1,74,9
"695",1,0,3,0,1,0,0,0,38,0
"696",0,1,2,0,1,0,1,0,76,0
"697",0,1,3,0,0,0,0,0,50,27
"698",0,1,2,0,1,0,0,1,32,73
"699",1,1,3,0,1,1,1,0,77,9
"700",0,1,2,0,1,0,0,0,33,NA
"701",0,1,3,0,1,0,0,0,47,0
"702",0,1,4,0,0,0,1,0,74,55
"703",1,0,3,1,0,0,1,0,64,9
"704",0,1,3,0,0,0,1,0,70,0
"705",1,0,2,0,0,0,1,0,38,0
"706",0,0,3,0,1,0,1,1,72,45
"707",0,1,4,1,0,0,1,0,67,45
"708",0,1,2,0,1,0,0,0,47,0
"709",0,1,3,1,0,0,1,0,70,0
"710",0,1,4,0,1,0,1,0,73,0
"711",1,0,2,0,1,0,0,0,30,9
"712",1,1,3,0,1,0,1,0,72,27
"713",0,1,4,0,1,0,1,0,66,0
"714",1,0,1,0,1,0,0,0,63,36
"715",0,0,2,0,1,0,0,1,28,36
"716",0,1,2,0,1,0,1,0,70,9
"717",0,1,4,0,1,1,0,1,36,9
"718",0,1,2,0,1,0,1,0,74,0
"719",0,0,3,0,1,0,0,0,48,9
"720",1,0,4,0,0,0,1,1,68,0
"721",0,0,3,0,0,0,0,1,26,45
"722",0,0,3,0,0,0,1,1,69,91
"723",1,1,3,0,0,0,1,0,60,9
"724",1,0,3,1,0,0,0,1,57,45
"725",1,1,4,0,1,0,1,0,73,27
"726",1,1,3,0,0,0,1,0,63,36
"727",0,0,2,0,1,0,0,0,27,0
"728",0,1,3,0,1,0,1,0,71,9
"729",0,1,1,0,0,0,0,1,35,45
"730",1,1,1,0,1,0,0,0,33,45
"731",0,1,1,0,1,0,1,0,74,91
"732",0,0,3,1,1,0,0,1,25,0
"733",1,1,3,0,0,0,1,1,68,73
"734",0,0,2,1,1,0,1,1,22,36
"735",1,0,2,0,1,0,1,0,68,45
"736",0,1,3,0,0,1,1,0,72,45
"737",0,0,3,0,1,0,0,1,29,0
"738",0,1,3,0,0,0,1,0,71,45
"739",0,0,2,0,1,0,1,0,67,0
"740",0,1,3,0,0,0,1,0,74,0
"741",1,0,3,1,0,0,0,1,54,73
"742",0,1,3,0,0,0,1,0,74,0
"743",0,1,3,0,0,0,1,0,79,73
"744",1,0,4,0,1,0,1,0,75,0
"745",1,1,3,0,0,0,1,0,71,0
"746",1,1,3,0,1,0,0,0,49,0
"747",0,1,4,0,0,0,1,0,73,0
"748",1,1,4,0,0,0,1,0,67,36
"749",0,0,3,0,1,0,1,0,71,36
"750",0,1,3,0,1,0,0,0,63,0
"751",0,1,4,0,1,1,0,1,34,0
"752",0,1,3,1,0,0,1,0,72,73
"753",0,0,3,0,1,0,1,0,69,0
"754",1,1,4,0,1,0,0,0,37,64
"755",0,0,1,1,0,0,1,1,57,0
"756",0,1,4,1,0,0,0,0,35,45
"757",1,1,3,0,1,0,1,0,71,0
"758",1,1,1,0,1,0,0,0,62,0
"759",0,0,4,0,0,0,1,1,20,73
"760",1,1,4,1,1,0,1,0,29,82
"761",0,1,3,0,0,0,1,0,73,55
"762",0,1,2,0,0,0,1,0,75,73
"763",0,1,3,0,0,0,0,0,49,36
"764",1,0,2,1,1,0,0,1,29,18
"765",0,1,4,0,0,0,1,1,69,0
"766",0,1,3,0,1,0,1,0,73,27
"767",0,0,3,0,0,0,1,0,70,0
"768",0,0,1,0,0,0,1,0,21,0
"769",0,1,4,0,0,0,1,1,73,18
"770",0,1,4,0,0,0,1,0,68,0
"771",1,1,4,0,1,0,0,0,35,82
"772",0,1,2,0,1,0,1,0,72,0
"773",0,0,3,0,1,0,0,0,32,64
"774",0,1,4,0,0,0,1,0,75,45
"775",0,0,1,0,1,0,1,0,22,45
"776",0,1,3,0,0,0,1,0,74,0
"777",0,1,3,0,1,0,0,0,67,64
"778",0,1,2,0,0,0,1,0,76,55
"779",0,1,2,0,0,0,0,0,58,9
"780",0,0,3,0,1,0,1,0,22,0
"781",0,1,1,0,1,0,0,0,32,0
"782",0,1,3,0,0,0,1,0,64,0
"783",0,0,3,0,0,0,1,0,75,9
"784",0,1,4,0,1,0,0,0,31,91
"785",0,0,3,0,1,0,0,0,57,0
"786",0,1,3,0,1,0,1,0,73,0
"787",0,0,3,0,0,0,1,0,74,27
"788",0,1,3,0,1,0,1,0,69,0
"789",0,0,2,0,0,0,0,1,57,0
"790",0,0,3,0,1,0,0,0,52,0
"791",1,0,2,1,0,0,1,0,65,82
"792",0,1,2,0,0,0,1,0,65,9
"793",1,0,3,1,1,0,1,0,66,0
"794",0,0,1,0,1,0,0,1,36,0
"795",0,1,3,1,0,0,0,1,29,45
"796",0,1,2,0,1,0,0,0,35,91
"797",0,0,3,0,0,0,1,1,62,73
"798",1,1,2,0,0,0,0,0,56,27
"799",0,1,3,0,0,0,0,0,27,36
"800",0,1,3,0,0,0,1,0,72,73
"801",1,1,4,0,0,0,1,0,71,18
"802",0,1,4,0,1,0,0,0,26,NA
"803",0,0,1,0,1,0,1,0,60,0
"804",0,1,3,0,1,0,1,0,71,9
"805",0,1,2,1,0,0,1,0,77,45
"806",1,0,3,1,0,0,1,1,71,0
"807",0,0,2,0,0,0,1,0,19,18
"808",0,1,2,0,0,0,1,0,78,36
"809",1,0,3,1,0,0,1,1,67,55
"810",0,1,3,0,0,0,1,0,72,45
"811",0,0,2,0,1,0,0,1,52,0
"812",1,0,1,1,1,0,1,1,81,0
"813",0,0,3,1,0,0,0,1,27,45
"814",1,0,3,0,0,0,1,0,75,0
"815",1,0,4,1,0,0,1,1,73,45
"816",0,1,3,0,1,0,1,0,74,36
"817",1,0,3,0,1,0,1,0,65,0
"818",1,0,4,0,1,0,0,0,49,0
"819",1,0,3,1,1,0,0,1,31,0
"820",1,0,2,1,1,0,1,0,62,0
"821",1,1,3,0,0,0,1,0,69,0
"822",0,1,3,0,0,0,1,0,71,73
"823",0,1,3,0,0,0,0,0,57,64
"824",0,0,3,0,1,0,1,0,26,0
"825",1,0,2,1,0,0,0,1,64,0
"826",0,0,3,0,0,0,0,0,57,45
"827",0,0,3,0,0,0,0,0,36,64
"828",0,1,3,0,0,0,1,0,73,0
"829",0,1,3,0,1,0,0,0,27,0
"830",0,0,3,0,1,0,1,0,22,36
"831",1,0,2,0,1,0,0,0,36,27
"832",0,0,2,0,0,0,0,1,31,0
"833",0,1,2,0,1,0,0,0,35,45
"834",0,0,3,1,0,0,0,1,35,36
"835",1,0,1,1,1,1,0,1,35,0
"836",0,1,4,0,0,0,1,0,75,0
"837",0,1,3,0,1,0,1,0,68,18
"838",0,1,3,0,1,0,1,0,68,0
"839",0,0,2,0,0,0,0,1,25,91
"840",1,0,3,1,0,0,1,1,70,9
"841",0,1,3,0,0,0,1,0,71,55
"842",1,1,2,0,1,0,0,1,47,45
"843",0,0,2,0,1,0,0,0,43,0
"844",0,1,2,0,1,0,1,0,74,9
"845",0,0,2,1,0,0,1,0,22,18
"846",0,0,4,1,0,0,0,1,28,36
"847",1,0,1,0,0,0,0,0,35,45
"848",1,0,3,1,0,0,1,1,60,0
"849",1,1,4,0,0,0,1,0,73,45
"850",0,0,3,1,0,0,1,1,21,27
"851",1,1,4,0,1,0,1,0,66,9
"852",0,1,3,0,0,0,0,1,33,0
"853",0,1,2,0,1,0,0,1,27,0
"854",1,1,4,0,0,0,0,0,68,73
"855",0,0,3,0,0,0,0,0,22,0
"856",1,0,3,1,0,0,0,1,61,0
"857",0,1,4,0,0,0,0,0,31,55
"858",0,1,3,0,0,0,1,1,70,9
"859",0,1,2,0,0,0,1,0,65,18
"860",1,0,1,1,0,0,1,1,62,55
"861",0,0,4,1,1,0,0,1,47,73
"862",0,1,3,0,0,0,1,0,69,9
"863",0,1,3,0,0,1,1,0,73,9
"864",1,1,4,0,1,0,1,0,70,9
"865",0,1,2,0,0,0,1,0,73,0
"866",0,1,4,0,0,0,1,0,69,0
"867",0,1,1,0,1,1,1,0,72,73
"868",0,0,4,0,1,0,0,1,28,0
"869",1,0,3,0,0,0,0,0,43,9
"870",0,0,3,0,1,0,1,1,78,0
"871",1,0,3,0,1,0,1,0,68,9
"872",1,1,3,0,0,0,1,0,75,9
"873",1,0,3,0,1,0,1,1,70,0
"874",0,1,2,0,0,0,1,0,73,0
"875",0,1,3,0,1,0,1,0,91,27
"876",0,0,3,1,1,0,1,0,69,27
"877",1,0,4,0,0,1,1,0,74,82
"878",0,1,4,0,0,0,1,0,64,45
"879",0,1,3,0,0,0,1,0,69,0
"880",0,1,2,0,1,0,0,0,42,0
"881",1,0,3,0,1,0,1,0,67,9
"882",0,0,3,0,1,0,1,1,24,0
"883",0,1,3,0,0,0,1,0,72,9
"884",0,1,3,0,1,0,1,0,67,0
"885",0,1,3,0,1,0,1,0,68,0
"886",1,0,3,1,0,0,1,1,50,NA
"887",1,1,3,0,1,0,1,0,37,82
"888",0,1,2,0,1,0,1,0,75,55
"889",0,0,3,0,1,0,0,0,25,18
"890",1,1,2,0,0,0,1,0,69,9
"891",0,0,1,1,0,0,0,0,25,0
"892",1,0,3,0,0,0,1,0,73,82
"893",1,1,4,0,0,0,0,0,57,91
"894",0,1,2,0,1,0,1,1,29,64
"895",0,0,3,0,1,0,0,0,58,36
"896",0,1,4,0,1,0,1,0,68,82
"897",1,1,3,0,0,0,0,0,43,27
"898",0,1,4,0,1,0,0,0,35,91
"899",0,0,4,1,1,0,0,0,36,0
"900",1,0,3,1,0,0,0,1,35,82
"901",0,0,3,0,1,0,0,0,50,73
"902",1,0,3,1,1,0,1,0,26,0
"903",1,0,3,1,0,0,0,1,41,0
"904",0,0,2,0,0,0,0,0,33,0
"905",1,1,3,0,0,0,1,0,47,9
"906",1,0,2,1,0,0,0,1,32,9
"907",1,0,3,1,0,0,1,0,48,45
"908",0,0,4,0,0,1,1,0,21,0
"909",0,0,2,0,1,0,1,0,23,0
"910",1,1,4,1,0,0,1,0,35,36
"911",1,0,3,0,1,0,1,1,22,0
"912",0,0,2,1,0,0,1,0,47,18
"913",1,0,2,1,0,0,0,1,46,45
"914",1,0,2,1,0,0,1,1,32,0
"915",1,0,3,1,0,0,1,1,48,NA
"916",1,1,2,0,1,0,0,0,33,0
"917",1,0,1,1,1,0,1,0,32,0
"918",1,1,4,0,1,0,1,0,71,0
"919",0,0,3,1,0,0,0,1,20,9
"920",1,0,3,1,1,0,1,1,24,55
"921",0,0,4,1,1,1,1,1,34,0
"922",1,0,4,1,0,0,1,1,23,0
"923",1,0,3,1,1,0,1,1,23,64
"924",1,1,2,0,1,1,1,1,32,NA
"925",0,1,3,0,1,1,1,1,43,0
"926",1,1,4,0,1,0,1,1,55,0
"927",0,0,3,0,0,0,1,1,26,36
"928",0,0,3,0,0,1,0,1,24,55
"929",1,1,2,1,1,0,0,0,33,82
"930",1,1,3,1,1,0,0,1,32,0
"931",0,0,1,1,1,1,0,1,28,64
"932",1,0,4,1,0,0,1,0,68,18
"933",1,1,3,0,0,0,1,1,35,0
"934",0,0,4,1,1,1,1,0,47,91
"935",1,1,3,0,1,0,1,0,59,0
"936",0,0,2,1,0,0,1,0,22,55
"937",1,1,2,0,0,0,1,0,55,36
"938",0,0,2,0,0,0,0,0,37,9
"939",1,0,2,1,1,0,1,1,23,9
"940",1,0,3,0,1,0,0,0,28,0
"941",0,0,2,0,1,0,1,0,26,0
"942",1,0,4,1,0,0,0,1,34,36
"943",1,1,3,0,1,0,1,1,37,45
"944",0,0,4,0,0,0,0,0,21,64
"945",0,0,2,0,0,0,1,1,49,0
"946",0,0,3,1,0,0,0,1,34,0
"947",0,0,4,0,1,0,1,0,75,45
"948",1,0,2,1,0,0,1,0,27,45
"949",0,0,3,1,0,0,0,1,52,18
"950",0,0,3,1,1,0,0,0,29,18
"951",0,0,3,1,0,0,0,1,23,0
"952",1,1,2,1,1,0,1,0,39,9
"953",0,0,4,0,1,0,0,0,30,73
"954",1,0,3,0,0,0,1,0,48,0
"955",0,0,2,1,1,0,1,0,54,0
"956",0,1,3,0,0,0,0,1,41,18
"957",1,1,3,0,1,0,0,0,27,0
"958",0,0,2,0,0,0,1,1,77,0
"959",0,1,3,0,1,0,1,0,76,45
"960",0,0,2,1,1,0,1,1,26,9
"961",0,1,3,0,1,0,0,0,49,0
"962",1,1,3,0,1,0,0,0,61,0
"963",1,0,3,0,0,0,1,0,65,55
"964",0,1,3,0,1,0,0,0,28,82
"965",0,1,2,0,1,0,1,0,67,0
"966",0,1,2,0,1,0,0,0,55,91
"967",0,1,3,1,0,0,1,1,51,18
"968",0,0,2,1,0,0,1,1,57,NA
"969",1,0,4,0,0,0,0,0,34,0
"970",1,0,3,0,0,0,0,1,36,0
"971",1,0,4,0,1,0,1,0,49,0
"972",0,0,2,0,0,0,1,0,46,0
"973",0,1,3,0,1,0,0,0,55,36
"974",1,1,4,0,0,0,1,1,72,64
"975",1,0,3,1,0,0,0,1,28,0
"976",1,1,1,0,0,0,0,0,53,45
"977",1,0,3,1,1,0,0,1,27,64
"978",1,1,3,0,1,0,0,0,32,91
"979",0,0,2,0,1,0,0,1,31,18
"980",0,0,2,0,0,0,0,1,30,82
"981",1,0,3,1,0,0,1,1,30,NA
"982",0,1,1,0,1,0,0,0,34,9
"983",0,0,2,1,0,0,0,0,56,36
"984",0,0,2,1,0,0,1,1,76,73
"985",1,0,4,0,1,0,1,0,51,0
"986",1,1,3,0,1,0,1,1,46,0
"987",1,0,2,0,1,0,0,0,34,NA
"988",1,0,4,0,1,1,0,1,45,0
"989",1,0,4,0,0,0,1,0,39,0
"990",0,0,2,0,0,0,0,0,22,NA
"991",1,1,3,0,1,0,0,1,32,45
"992",0,1,3,1,1,0,1,0,75,18
"993",1,1,4,0,1,0,0,1,54,73
"994",1,1,3,0,1,0,1,0,40,NA
"995",0,1,3,0,1,0,1,0,42,45
"996",1,0,4,1,0,1,0,0,40,45
"997",1,0,1,0,0,0,1,1,51,9
"998",0,0,2,1,0,0,1,1,49,NA
"999",0,1,3,0,0,0,0,0,48,82
"1000",0,1,4,1,0,0,0,0,45,91
"1001",1,0,3,1,0,0,1,1,22,18
"1002",1,0,4,1,0,1,1,1,42,9
"1003",1,0,3,1,0,0,1,1,36,27
"1004",0,1,1,0,1,0,1,0,41,82
"1005",1,0,3,0,0,0,1,1,49,9
"1006",1,0,3,0,1,0,0,1,31,0
"1007",1,0,4,0,1,0,1,0,25,NA
"1008",1,1,3,0,1,0,1,0,52,0
"1009",1,0,2,1,1,0,1,1,24,0
"1010",0,0,3,0,1,0,0,0,34,64
"1011",1,1,4,1,1,0,1,0,28,91
"1012",1,1,4,0,0,0,0,0,39,82
"1013",1,0,4,0,1,0,0,0,32,18
"1014",1,0,4,0,1,0,1,0,21,55
"1015",0,0,2,0,0,0,1,1,41,9
"1016",1,0,4,0,1,0,1,1,59,0
"1017",1,0,3,0,1,0,1,0,25,9
"1018",0,0,4,1,0,0,1,1,57,64
"1019",1,1,2,0,1,0,1,1,54,18
"1020",1,1,3,1,1,0,1,1,42,36
"1021",0,0,3,1,0,0,1,1,56,0
"1022",1,1,2,1,0,0,0,1,51,45
"1023",0,0,2,1,0,0,0,0,33,82
"1024",0,1,4,0,0,0,1,0,81,0
"1025",1,1,3,0,1,0,1,0,49,0
"1026",1,1,4,1,0,0,0,1,37,64
"1027",1,0,3,0,0,0,1,1,35,27
"1028",1,1,3,0,1,0,1,0,44,NA
"1029",1,0,3,0,1,0,1,0,42,0
"1030",1,1,3,0,1,0,1,0,59,18
"1031",1,0,4,0,1,0,1,0,28,27
"1032",1,0,2,1,1,1,0,1,32,0
"1033",0,0,4,0,1,1,1,1,50,0
"1034",1,0,3,1,0,0,0,1,57,9
"1035",0,0,4,1,0,0,1,1,40,0
"1036",1,0,3,0,1,0,0,1,24,45
"1037",1,1,3,0,1,0,1,0,55,36
"1038",0,0,4,0,1,0,0,1,35,0
"1039",1,0,4,1,0,0,0,0,39,0
"1040",1,1,3,0,0,0,1,1,46,0
"1041",0,1,2,0,0,1,1,0,60,0
"1042",1,0,3,1,0,0,1,0,60,0
"1043",1,1,2,1,0,0,0,0,41,NA
"1044",1,1,1,0,0,0,1,1,40,0
"1045",0,0,4,1,1,0,0,0,53,0
"1046",1,1,4,0,0,1,1,1,43,45
"1047",1,0,3,1,1,0,1,1,22,0
"1048",1,1,2,0,1,0,1,0,35,27
"1049",1,0,4,0,1,0,0,0,45,NA
"1050",1,1,1,0,0,0,0,0,36,45
"1051",1,0,1,1,1,0,0,1,39,0
"1052",1,0,4,1,1,0,0,0,42,82
"1053",0,0,3,0,0,0,0,0,37,9
"1054",0,0,2,1,0,0,1,1,43,0
"1055",0,0,3,1,0,0,0,1,53,0
"1056",1,0,2,1,1,0,0,0,60,0
"1057",1,1,3,0,0,0,0,0,42,0
"1058",1,0,2,0,1,0,1,1,45,0
"1059",1,0,2,0,0,0,0,0,36,27
"1060",1,0,3,0,1,0,1,1,26,0
"1061",1,1,3,0,1,0,1,0,49,45
"1062",1,0,3,0,1,0,1,1,25,27
"1063",1,1,3,0,0,0,1,0,67,0
"1064",1,0,3,1,0,0,1,1,49,55
"1065",1,1,3,0,1,0,1,0,38,9
"1066",1,1,3,0,0,0,1,1,55,27
"1067",1,0,3,0,1,0,0,0,51,0
"1068",1,1,4,0,0,0,0,0,40,0
"1069",0,0,2,1,1,0,1,1,36,36
"1070",0,0,4,0,1,0,1,1,23,36
"1071",0,0,1,1,0,0,0,0,54,55
"1072",0,0,3,1,1,0,1,0,28,82
"1073",1,0,3,0,0,0,0,1,27,0
"1074",1,0,4,1,0,0,1,1,49,9
"1075",0,0,2,1,0,0,1,0,20,0
"1076",1,0,4,1,0,0,1,1,58,0
"1077",1,1,3,0,0,0,1,0,40,0
"1078",1,1,3,0,0,0,0,0,40,NA
"1079",1,0,3,0,0,0,1,0,29,9
"1080",1,1,3,0,1,0,1,0,57,9
"1081",1,0,3,1,0,0,1,0,45,82
"1082",1,1,3,0,0,0,1,1,49,9
"1083",1,0,2,1,0,0,1,1,32,91
"1084",0,1,2,0,1,1,0,1,73,18
"1085",1,0,3,1,0,0,0,1,58,9
"1086",1,1,3,1,1,0,1,0,45,45
"1087",1,0,3,0,0,0,1,1,37,0
"1088",1,0,2,0,1,0,0,0,56,18
"1089",1,1,4,0,0,0,1,0,61,45
"1090",1,0,2,0,0,0,0,1,45,45
"1091",0,1,4,0,0,0,1,0,75,27
"1092",1,0,3,1,0,0,0,0,46,64
"1093",0,1,4,0,0,0,0,0,39,45
"1094",1,0,3,1,0,0,0,1,49,0
"1095",0,0,3,0,1,0,1,0,38,64
"1096",1,1,3,1,0,0,1,1,29,64
"1097",1,0,2,0,0,0,0,1,27,NA
"1098",1,1,3,1,0,0,1,0,32,91
"1099",1,1,2,0,1,0,1,0,58,45
"1100",1,0,2,0,0,0,0,1,51,18
"1101",1,1,3,1,0,0,0,1,53,NA
"1102",1,1,3,0,1,0,1,0,58,18
"1103",1,0,3,1,0,0,0,1,55,0
"1104",0,1,2,1,0,0,0,1,65,0
"1105",0,1,3,0,1,0,1,0,68,82
"1106",1,0,4,0,0,0,0,0,54,91
"1107",0,1,2,1,0,0,0,0,55,45
"1108",1,1,1,1,1,1,1,1,31,0
"1109",0,1,4,1,0,0,1,0,52,9
"1110",0,1,4,0,0,0,1,0,50,0
"1111",1,1,4,0,0,0,1,1,28,0
"1112",1,0,3,0,1,0,1,0,22,NA
"1113",1,1,4,0,0,0,1,0,58,36
"1114",1,0,3,0,0,0,1,0,27,91
"1115",1,1,4,0,1,0,1,1,45,0
"1116",0,1,4,0,0,0,0,1,58,NA
"1117",1,1,1,0,0,0,0,0,39,64
"1118",1,0,2,1,0,0,0,1,41,0
"1119",1,1,2,0,1,0,1,1,32,0
"1120",0,0,2,1,0,0,1,0,21,36
"1121",1,0,3,1,0,0,0,1,34,NA
"1122",1,1,4,0,1,0,0,0,42,9
"1123",0,0,3,0,0,0,1,1,24,9
"1124",1,1,2,1,0,0,1,0,39,0
"1125",0,1,2,0,0,0,0,1,50,55
"1126",1,0,3,0,0,0,1,0,32,9
"1127",0,1,3,1,0,0,0,1,38,0
"1128",1,0,2,1,1,0,0,0,35,55
"1129",1,0,2,0,0,0,0,0,38,45
"1130",1,0,2,1,1,0,0,0,41,0
"1131",0,0,3,1,0,0,0,0,24,45
"1132",0,0,3,1,0,0,0,0,28,73
"1133",1,0,4,0,0,0,0,0,46,9
"1134",1,0,3,0,0,0,0,1,42,0
"1135",0,0,2,1,0,0,0,1,20,9
"1136",0,1,3,0,0,0,0,0,58,0
"1137",1,0,3,0,0,0,0,1,36,45
"1138",0,0,3,0,1,0,0,0,37,55
"1139",0,0,3,1,1,0,0,0,24,64
"1140",1,0,3,1,0,0,0,0,44,0
"1141",1,1,3,1,1,0,0,1,48,NA
"1142",1,1,2,0,0,0,1,0,59,45
"1143",1,0,3,1,0,0,0,1,48,0
"1144",1,1,4,0,0,0,0,0,50,45
"1145",1,0,3,1,1,0,1,1,23,91
"1146",1,0,2,0,0,0,0,1,31,NA
"1147",0,1,2,0,0,0,0,0,44,0
"1148",1,0,1,1,0,0,1,0,47,0
"1149",1,0,2,0,0,0,0,1,51,0
"1150",1,1,3,0,1,0,1,0,44,9
"1151",1,0,4,0,0,0,0,1,47,0
"1152",1,1,3,0,1,0,0,0,46,9
"1153",1,0,3,0,0,0,0,1,35,0
"1154",1,1,4,0,0,0,1,0,48,45
"1155",1,0,4,0,1,0,1,0,26,0
"1156",1,0,4,1,0,0,0,1,32,27
"1157",1,1,3,0,1,0,0,0,30,45
"1158",0,1,3,0,1,0,0,0,26,82
"1159",1,0,3,1,0,0,0,1,34,0
"1160",1,1,3,0,1,0,0,0,34,NA
"1161",0,1,3,0,1,0,1,0,68,18
"1162",0,0,2,0,1,0,0,1,38,55
"1163",1,0,3,0,0,0,0,0,29,55
"1164",1,0,3,0,0,0,1,0,62,0
"1165",0,1,4,0,0,0,0,0,59,91
"1166",1,0,3,0,1,0,0,1,49,0
"1167",0,1,2,0,1,0,0,0,34,0
"1168",0,1,3,0,0,1,0,0,51,45
"1169",1,1,3,0,1,0,0,0,44,18
"1170",1,0,3,1,0,0,0,1,43,NA
"1171",1,0,3,1,1,0,0,0,35,NA
"1172",1,0,3,1,0,1,0,1,44,82
"1173",1,0,4,1,0,0,1,1,41,18
"1174",1,1,2,0,1,0,0,0,44,18
"1175",1,1,3,0,1,0,1,0,43,36
"1176",1,0,4,1,0,0,1,1,29,45
"1177",1,0,3,0,1,0,0,0,50,9
